Transaction_ID,Date,Product_ID,Product_Name,Quantity,Unit_Price,Total_Price,Customer_ID,Payment_Method,Store_Location
1001,2024-01-01,52,Product_1,2,24.054746031295654,322.21668400082706,1901,Debit Card,Store_B
1002,2024-01-02,93,Product_2,8,31.11051640013458,854.6942934125453,1563,Debit Card,Store_B
1003,2024-01-03,15,Product_3,8,96.70121495383592,420.56708240583475,1661,Credit Card,Store_C
1004,2024-01-04,72,Product_4,1,32.977587225558864,844.1334764167771,1780,Debit Card,Store_B
1005,2024-01-05,61,Product_5,3,69.5469115334032,738.1123518583286,1562,Debit Card,Store_A
1006,2024-01-06,21,Product_6,10,98.07681586604774,259.45383274467895,1900,Debit Card,Store_B
1007,2024-01-07,83,Product_7,9,43.68670904258134,556.7017295077679,1758,Cash,Store_A
1008,2024-01-08,87,Product_8,5,11.576439177585602,709.6485893668452,1113,Cash,Store_C
1009,2024-01-09,75,Product_9,6,31.973256138013685,311.5334933234426,1170,Credit Card,Store_A
1010,2024-01-10,75,Product_10,4,84.7789472207535,847.6196594680691,1468,Cash,Store_B
1011,2024-01-11,88,Product_11,10,87.8147952359533,590.344891790668,1678,Debit Card,Store_C
1012,2024-01-12,100,Product_12,2,79.1667428071412,248.7178453983429,1921,Cash,Store_B
1013,2024-01-13,24,Product_13,8,20.179883716891574,624.6859835481422,1014,Credit Card,Store_C
1014,2024-01-14,3,Product_14,6,81.59593345267628,999.7424237403227,1715,Cash,Store_C
1015,2024-01-15,22,Product_15,5,92.68100172941539,235.4693424970722,1288,Debit Card,Store_B
1016,2024-01-16,53,Product_16,9,64.05485882916125,835.0812371075752,1907,Debit Card,Store_B
1017,2024-01-17,2,Product_17,1,94.67878207042584,286.57810286880215,1189,Credit Card,Store_C
1018,2024-01-18,88,Product_18,5,84.41549953406897,804.1494965140786,1914,Cash,Store_C
1019,2024-01-19,30,Product_19,6,70.02743652918166,761.1201308092719,1155,Cash,Store_B
1020,2024-01-20,38,Product_20,5,61.94667130405733,370.44044704038913,1567,Cash,Store_A
1021,2024-01-21,2,Product_21,6,41.371630051777345,393.24080580800484,1694,Debit Card,Store_B
1022,2024-01-22,64,Product_22,6,24.33587007185246,813.2692527666272,1722,Credit Card,Store_C
1023,2024-01-23,60,Product_23,7,64.44585304214868,515.3009606985813,1888,Cash,Store_B
1024,2024-01-24,21,Product_24,4,38.63003982563075,757.7362258406279,1471,Debit Card,Store_A
1025,2024-01-25,33,Product_25,8,87.97948007748809,233.18573262925128,1075,Debit Card,Store_B
1026,2024-01-26,76,Product_26,7,99.40032436227656,867.3020037113981,1277,Debit Card,Store_C
1027,2024-01-27,58,Product_27,9,77.71849863540153,739.7962450140872,1940,Cash,Store_B
1028,2024-01-28,22,Product_28,7,18.14335257583457,916.2485279513505,1645,Cash,Store_C
1029,2024-01-29,89,Product_29,3,35.98170359775743,219.13514113147522,1343,Cash,Store_C
1030,2024-01-30,49,Product_30,3,19.819866858917475,633.7130503245379,1425,Cash,Store_B
1031,2024-01-31,91,Product_31,8,68.54604830125442,639.2085265362927,1571,Cash,Store_C
1032,2024-02-01,59,Product_32,5,78.86717781002062,418.1146664921042,1511,Cash,Store_C
1033,2024-02-02,42,Product_33,4,93.31073477926407,512.619782112332,1857,Cash,Store_A
1034,2024-02-03,92,Product_34,8,49.43551117707889,134.18340696086813,1182,Cash,Store_A
1035,2024-02-04,60,Product_35,6,91.12380846295999,771.2740347643108,1458,Cash,Store_A
1036,2024-02-05,80,Product_36,2,89.01020431371948,594.3902314628566,1918,Debit Card,Store_A
1037,2024-02-06,15,Product_37,4,38.54761450888587,151.9669466822564,1851,Cash,Store_C
1038,2024-02-07,62,Product_38,4,88.2010562986514,712.680303664437,1833,Credit Card,Store_B
1039,2024-02-08,62,Product_39,6,43.81050266935539,520.1038695080691,1064,Debit Card,Store_C
1040,2024-02-09,47,Product_40,6,36.71823471042527,131.0151334825,1839,Cash,Store_C
1041,2024-02-10,62,Product_41,1,68.41671929149538,972.6469541632858,1260,Credit Card,Store_C
1042,2024-02-11,51,Product_42,8,39.5543105096573,954.2009287804964,1193,Cash,Store_B
1043,2024-02-12,55,Product_43,6,66.71878734962297,561.6121745324779,1655,Credit Card,Store_A
1044,2024-02-13,64,Product_44,3,64.8848624948825,184.30517863531918,1616,Credit Card,Store_C
1045,2024-02-14,3,Product_45,9,60.709503461361294,779.1590994387326,1972,Credit Card,Store_C
1046,2024-02-15,51,Product_46,2,44.23777338095179,542.7379900951562,1406,Credit Card,Store_A
1047,2024-02-16,7,Product_47,8,59.364974948632906,372.2027304604419,1726,Debit Card,Store_C
1048,2024-02-17,21,Product_48,10,63.683692748687946,542.2763597757012,1754,Debit Card,Store_B
1049,2024-02-18,73,Product_49,3,59.111819964592605,570.199730864918,1943,Credit Card,Store_C
1050,2024-02-19,39,Product_50,5,49.99775074760814,606.4405291201053,1721,Cash,Store_C
1051,2024-02-20,18,Product_51,6,11.320035134163742,497.1013422897939,1093,Credit Card,Store_A
1052,2024-02-21,4,Product_52,10,62.835553693103584,645.179772825151,1430,Debit Card,Store_C
1053,2024-02-22,89,Product_53,6,25.159994662844767,926.8612395457396,1654,Cash,Store_C
1054,2024-02-23,60,Product_54,4,67.83183720524707,426.04127838873205,1434,Debit Card,Store_B
1055,2024-02-24,14,Product_55,3,78.34098951305793,753.1448168979542,1404,Debit Card,Store_A
1056,2024-02-25,9,Product_56,4,55.04007782176673,905.007301141809,1434,Cash,Store_A
1057,2024-02-26,90,Product_57,1,58.812729848176446,510.3813481839432,1112,Credit Card,Store_B
1058,2024-02-27,53,Product_58,4,95.6330703699392,499.1102527437137,1929,Credit Card,Store_C
1059,2024-02-28,2,Product_59,1,86.24506252353167,641.9052868193015,1375,Credit Card,Store_A
1060,2024-02-29,84,Product_60,1,92.2812864356323,632.2660834802393,1059,Credit Card,Store_A
1061,2024-03-01,92,Product_61,10,83.23896594876278,825.9304080936492,1043,Cash,Store_C
1062,2024-03-02,60,Product_62,6,19.80265076620583,528.8350454004634,1207,Cash,Store_C
1063,2024-03-03,71,Product_63,5,23.409267037317523,996.510654675497,1780,Cash,Store_A
1064,2024-03-04,44,Product_64,4,57.39614175420636,153.5244119805527,1296,Debit Card,Store_C
1065,2024-03-05,8,Product_65,3,32.14626929181984,102.85106372263157,1118,Cash,Store_A
1066,2024-03-06,47,Product_66,1,52.902592753704326,676.1784804036614,1532,Credit Card,Store_C
1067,2024-03-07,35,Product_67,6,45.49287914365152,368.591421125689,1222,Debit Card,Store_C
1068,2024-03-08,78,Product_68,2,59.447281458740804,316.34414982953547,1166,Credit Card,Store_B
1069,2024-03-09,81,Product_69,8,77.21881445222404,380.7091720038524,1643,Credit Card,Store_C
1070,2024-03-10,36,Product_70,10,74.3941816389347,330.4428085944589,1156,Cash,Store_B
1071,2024-03-11,50,Product_71,5,56.91107192368009,127.71104469440306,1184,Cash,Store_C
1072,2024-03-12,4,Product_72,7,84.01540769353522,974.3797381515299,1090,Credit Card,Store_A
1073,2024-03-13,2,Product_73,10,48.777588238423,298.67093960750356,1094,Credit Card,Store_A
1074,2024-03-14,6,Product_74,2,90.70428608561102,760.6267863303757,1013,Debit Card,Store_C
1075,2024-03-15,54,Product_75,8,16.415224304964752,786.3367552247578,1973,Cash,Store_C
1076,2024-03-16,4,Product_76,2,95.91940270299767,936.3316582065064,1834,Debit Card,Store_A
1077,2024-03-17,54,Product_77,4,68.92237732882134,127.49451138404197,1805,Debit Card,Store_C
1078,2024-03-18,93,Product_78,1,44.20670580434847,884.8435046023069,1945,Debit Card,Store_B
1079,2024-03-19,63,Product_79,5,27.74387139155896,574.5035627558202,1742,Credit Card,Store_B
1080,2024-03-20,18,Product_80,9,53.126490649923994,669.2896989692451,1834,Debit Card,Store_B
1081,2024-03-21,90,Product_81,1,27.51024908667709,680.0232494089303,1804,Debit Card,Store_B
1082,2024-03-22,44,Product_82,9,24.969844696882795,837.8180244862548,1438,Credit Card,Store_B
1083,2024-03-23,34,Product_83,8,65.56165816716768,400.06658994319946,1538,Cash,Store_C
1084,2024-03-24,74,Product_84,6,57.07762521236062,759.7460708739941,1587,Cash,Store_C
1085,2024-03-25,62,Product_85,7,70.30864311498476,575.7202987499774,1968,Debit Card,Store_B
1086,2024-03-26,100,Product_86,3,93.66452896797902,814.054612874813,1876,Credit Card,Store_C
1087,2024-03-27,14,Product_87,1,57.90341920051362,991.4914294931201,1936,Cash,Store_C
1088,2024-03-28,95,Product_88,5,62.283884793651794,280.5859156633851,1811,Debit Card,Store_B
1089,2024-03-29,48,Product_89,2,18.06637052394479,995.1837774039981,1150,Debit Card,Store_C
1090,2024-03-30,15,Product_90,5,74.58722073177665,180.8309388544966,1660,Credit Card,Store_C
1091,2024-03-31,72,Product_91,8,45.99146861237406,102.08579311433247,1008,Debit Card,Store_C
1092,2024-04-01,78,Product_92,9,97.9052714796321,139.74574256004814,1029,Cash,Store_B
1093,2024-04-02,87,Product_93,2,84.08566140360942,407.6041642630855,1296,Credit Card,Store_C
1094,2024-04-03,62,Product_94,3,57.02329364645065,669.6156976105907,1986,Cash,Store_A
1095,2024-04-04,40,Product_95,3,21.090038875494944,162.12658679906468,1926,Cash,Store_A
1096,2024-04-05,85,Product_96,1,87.34742139525302,105.09923307661055,1721,Cash,Store_B
1097,2024-04-06,80,Product_97,8,81.98029858816194,943.3819256129153,1640,Debit Card,Store_A
1098,2024-04-07,82,Product_98,6,26.612661658332968,839.7339723459366,1340,Debit Card,Store_B
1099,2024-04-08,53,Product_99,8,36.5750460298279,828.264854025128,1628,Cash,Store_A
1100,2024-04-09,24,Product_100,9,81.40665323330536,895.9818479517794,1439,Cash,Store_A
1101,2024-04-10,26,Product_101,5,26.67056018926687,730.0308454948939,1144,Credit Card,Store_A
1102,2024-04-11,89,Product_102,3,92.59772402542396,193.9637167732733,1942,Credit Card,Store_B
1103,2024-04-12,60,Product_103,5,48.20746826767257,459.1901692663507,1830,Debit Card,Store_B
1104,2024-04-13,41,Product_104,5,17.83350663288928,750.8345378181666,1747,Debit Card,Store_C
1105,2024-04-14,29,Product_105,5,83.41737791538527,352.3010147123688,1519,Credit Card,Store_B
1106,2024-04-15,15,Product_106,3,43.61587147345489,718.6657277226138,1976,Cash,Store_A
1107,2024-04-16,45,Product_107,10,57.38492747384029,122.04860344088712,1045,Debit Card,Store_A
1108,2024-04-17,65,Product_108,4,20.107390997009723,375.5236067916339,1955,Cash,Store_B
1109,2024-04-18,89,Product_109,9,10.232561336048414,594.2173026494554,1239,Credit Card,Store_B
1110,2024-04-19,71,Product_110,10,67.4186685213968,668.8808465556181,1952,Debit Card,Store_B
1111,2024-04-20,9,Product_111,9,56.36576533003584,619.3365980157197,1944,Debit Card,Store_C
1112,2024-04-21,88,Product_112,2,63.418471221083244,727.9806484660866,1155,Credit Card,Store_A
1113,2024-04-22,1,Product_113,8,81.43694653424647,105.47987341585517,1181,Debit Card,Store_C
1114,2024-04-23,8,Product_114,8,68.19453220805741,190.84707997976935,1215,Credit Card,Store_C
1115,2024-04-24,88,Product_115,7,25.729609854463945,882.0498270512305,1088,Debit Card,Store_A
1116,2024-04-25,63,Product_116,8,42.46952671995398,713.5737796811451,1256,Credit Card,Store_A
1117,2024-04-26,11,Product_117,3,91.53019943089843,201.63847841741017,1511,Debit Card,Store_B
1118,2024-04-27,81,Product_118,6,79.29502302265111,857.8669936587213,1073,Cash,Store_B
1119,2024-04-28,8,Product_119,1,60.09733521430455,318.0080960421102,1931,Cash,Store_C
1120,2024-04-29,35,Product_120,7,33.008049802834506,530.4338957757011,1179,Cash,Store_B
1121,2024-04-30,35,Product_121,1,37.185445165131554,230.67686159619427,1212,Debit Card,Store_B
1122,2024-05-01,33,Product_122,9,75.8762260827071,739.099050779536,1805,Debit Card,Store_A
1123,2024-05-02,5,Product_123,1,86.60568347674938,700.1689789128411,1234,Cash,Store_A
1124,2024-05-03,41,Product_124,1,70.4282202577553,290.00122404952253,1465,Cash,Store_B
1125,2024-05-04,28,Product_125,7,82.85769781915975,877.0606901713016,1751,Credit Card,Store_A
1126,2024-05-05,7,Product_126,2,78.99905216803654,461.17542179774097,1223,Credit Card,Store_B
1127,2024-05-06,73,Product_127,5,23.473357116126195,363.2635819636676,1631,Credit Card,Store_A
1128,2024-05-07,72,Product_128,8,48.15503316219718,237.0966305180819,1825,Cash,Store_A
1129,2024-05-08,12,Product_129,8,23.76854207457064,339.5512112639837,1264,Cash,Store_A
1130,2024-05-09,34,Product_130,3,31.171202632178634,119.8242291014353,1207,Cash,Store_A
1131,2024-05-10,33,Product_131,7,88.23336621859472,624.931743210504,1607,Credit Card,Store_B
1132,2024-05-11,48,Product_132,3,52.560276906986395,858.0076717095532,1885,Debit Card,Store_C
1133,2024-05-12,23,Product_133,6,58.18222916583948,594.0824044974777,1734,Cash,Store_A
1134,2024-05-13,62,Product_134,6,26.06013687049949,297.3465657314881,1366,Debit Card,Store_B
1135,2024-05-14,88,Product_135,3,38.104460744391645,130.30226039248544,1276,Debit Card,Store_B
1136,2024-05-15,37,Product_136,7,30.722155158508293,293.1652659329226,1380,Debit Card,Store_A
1137,2024-05-16,99,Product_137,3,28.55675480665838,474.5092852639831,1743,Credit Card,Store_C
1138,2024-05-17,44,Product_138,8,67.41647139843731,783.6502858298169,1309,Debit Card,Store_A
1139,2024-05-18,86,Product_139,10,33.119546288114336,269.0585672839967,1631,Cash,Store_B
1140,2024-05-19,91,Product_140,4,66.88139374183766,747.8123080192174,1268,Credit Card,Store_C
1141,2024-05-20,35,Product_141,1,15.260915269769852,880.2401215166954,1945,Cash,Store_B
1142,2024-05-21,65,Product_142,4,22.75969541743917,508.55216329752136,1785,Cash,Store_A
1143,2024-05-22,99,Product_143,7,34.70862286001129,839.2887924783339,1064,Credit Card,Store_C
1144,2024-05-23,47,Product_144,4,63.73422252061225,599.191613231586,1810,Cash,Store_B
1145,2024-05-24,78,Product_145,6,70.82571205786384,673.3817533728145,1350,Cash,Store_B
1146,2024-05-25,3,Product_146,9,49.84452701015744,573.6506143043824,1925,Credit Card,Store_B
1147,2024-05-26,1,Product_147,1,50.121182311950605,516.8554450762076,1915,Cash,Store_A
1148,2024-05-27,5,Product_148,5,75.20651662587562,311.18809759826445,1494,Debit Card,Store_C
1149,2024-05-28,90,Product_149,7,11.423898258902419,372.87465351494143,1523,Cash,Store_A
1150,2024-05-29,14,Product_150,1,40.69810220267985,360.97310704924814,1098,Debit Card,Store_A
1151,2024-05-30,27,Product_151,4,83.68363514073094,606.9600378584332,1946,Cash,Store_A
1152,2024-05-31,9,Product_152,6,64.28974691920351,207.95832372150093,1071,Credit Card,Store_C
1153,2024-06-01,79,Product_153,2,40.35044194798783,925.1125216321016,1364,Credit Card,Store_A
1154,2024-06-02,15,Product_154,10,91.49723130967065,748.5896307548019,1570,Cash,Store_A
1155,2024-06-03,90,Product_155,5,79.53604547044444,461.30106782187426,1802,Credit Card,Store_A
1156,2024-06-04,42,Product_156,10,33.84059025130601,242.76173007374015,1763,Cash,Store_A
1157,2024-06-05,77,Product_157,1,68.07608537731451,893.7929527494723,1276,Credit Card,Store_B
1158,2024-06-06,51,Product_158,6,63.6175655370061,841.4002810910487,1050,Debit Card,Store_A
1159,2024-06-07,63,Product_159,6,46.10691226350844,749.5493974454614,1358,Cash,Store_B
1160,2024-06-08,96,Product_160,4,43.02604712843206,344.3923426701181,1728,Debit Card,Store_A
1161,2024-06-09,52,Product_161,8,40.92044272981336,462.20197369030205,1906,Debit Card,Store_C
1162,2024-06-10,96,Product_162,4,65.54402050560822,192.47342720718103,1928,Cash,Store_B
1163,2024-06-11,4,Product_163,8,49.816894283260254,270.13557225477854,1564,Debit Card,Store_B
1164,2024-06-12,94,Product_164,8,84.86768019262799,804.7149735850596,1783,Cash,Store_B
1165,2024-06-13,23,Product_165,5,70.26423545205657,743.5348469656154,1485,Debit Card,Store_B
1166,2024-06-14,15,Product_166,4,16.293844513849074,634.1371866783412,1084,Cash,Store_C
1167,2024-06-15,43,Product_167,2,67.61514014453495,906.1540533335556,1899,Cash,Store_A
1168,2024-06-16,29,Product_168,3,34.403269285016634,624.9398660317408,1805,Credit Card,Store_B
1169,2024-06-17,36,Product_169,3,63.353079248808044,520.2711999672497,1638,Cash,Store_C
1170,2024-06-18,13,Product_170,4,71.21187379931062,406.33367167518645,1808,Cash,Store_B
1171,2024-06-19,32,Product_171,4,30.774627023861086,946.4036551625553,1584,Debit Card,Store_A
1172,2024-06-20,71,Product_172,10,51.11727803923318,174.44391537191814,1296,Cash,Store_B
1173,2024-06-21,59,Product_173,5,27.129237653716103,937.7986348547275,1236,Credit Card,Store_C
1174,2024-06-22,86,Product_174,4,14.710498820785748,844.0431939379165,1056,Debit Card,Store_A
1175,2024-06-23,28,Product_175,10,44.06287811372822,216.93693208213116,1919,Debit Card,Store_C
1176,2024-06-24,66,Product_176,8,42.66498446613928,608.4859219077282,1360,Credit Card,Store_A
1177,2024-06-25,42,Product_177,6,99.59324416338313,879.8931835741782,1907,Debit Card,Store_A
1178,2024-06-26,45,Product_178,6,50.17171160778779,614.6282472464384,1110,Debit Card,Store_A
1179,2024-06-27,62,Product_179,8,40.021259452498036,916.47983940456,1192,Debit Card,Store_B
1180,2024-06-28,57,Product_180,7,62.24275060450071,948.6854351344382,1904,Debit Card,Store_C
1181,2024-06-29,6,Product_181,10,17.989065469699163,480.1460699658753,1093,Credit Card,Store_C
1182,2024-06-30,28,Product_182,10,96.54991623593318,439.58229526569124,1862,Credit Card,Store_C
1183,2024-07-01,28,Product_183,8,67.14640410319299,942.6890385722411,1568,Debit Card,Store_A
1184,2024-07-02,44,Product_184,2,77.9354037946763,707.6260550347013,1060,Debit Card,Store_B
1185,2024-07-03,84,Product_185,9,25.343014435652577,204.42041321335236,1650,Credit Card,Store_A
1186,2024-07-04,30,Product_186,1,46.85300677046835,138.06257430041308,1039,Credit Card,Store_C
1187,2024-07-05,62,Product_187,8,48.04202020565706,608.1661458975368,1540,Credit Card,Store_B
1188,2024-07-06,75,Product_188,4,83.96257995109781,937.1538688945822,1049,Debit Card,Store_B
1189,2024-07-07,92,Product_189,4,10.11130117834685,859.8238321652366,1420,Debit Card,Store_B
1190,2024-07-08,89,Product_190,5,37.076779751792955,708.2629718179028,1637,Cash,Store_C
1191,2024-07-09,62,Product_191,8,98.31127369098735,225.20426400197877,1013,Credit Card,Store_B
1192,2024-07-10,97,Product_192,5,52.73978891555968,328.808245373826,1992,Debit Card,Store_B
1193,2024-07-11,1,Product_193,8,44.42736522196074,887.9601038973545,1036,Credit Card,Store_A
1194,2024-07-12,27,Product_194,10,20.78461018158817,264.52651299121044,1101,Debit Card,Store_A
1195,2024-07-13,62,Product_195,1,97.6748165765214,350.5954674253911,1794,Credit Card,Store_B
1196,2024-07-14,77,Product_196,10,11.802372033324202,216.64058607589777,1086,Debit Card,Store_B
1197,2024-07-15,3,Product_197,9,76.34622025065188,708.49740827297,1516,Cash,Store_A
1198,2024-07-16,70,Product_198,6,79.17398243096576,949.5840748268886,1223,Cash,Store_A
1199,2024-07-17,72,Product_199,3,31.929104445747996,342.0712284358474,1338,Credit Card,Store_A
1200,2024-07-18,27,Product_200,8,70.44025992517336,527.8659470650664,1960,Debit Card,Store_C
1201,2024-07-19,9,Product_201,9,18.363622994145093,670.9057657400839,1166,Debit Card,Store_C
1202,2024-07-20,62,Product_202,6,33.13425397888719,999.5196233940676,1383,Credit Card,Store_A
1203,2024-07-21,37,Product_203,7,80.91117894630385,194.3272584978149,1856,Debit Card,Store_B
1204,2024-07-22,97,Product_204,1,87.82175728301863,548.7137195551383,1895,Credit Card,Store_A
1205,2024-07-23,51,Product_205,5,64.76377713938122,446.60810791225003,1376,Debit Card,Store_C
1206,2024-07-24,44,Product_206,5,55.615458863843436,879.2381487001196,1471,Credit Card,Store_B
1207,2024-07-25,24,Product_207,10,24.337361855708227,528.3709579104902,1790,Debit Card,Store_C
1208,2024-07-26,79,Product_208,4,15.679812977123515,199.87977212663327,1642,Credit Card,Store_B
1209,2024-07-27,59,Product_209,6,20.588412562620277,670.9817307579252,1031,Debit Card,Store_C
1210,2024-07-28,32,Product_210,7,30.46215700864889,793.7025564374918,1375,Cash,Store_B
1211,2024-07-29,96,Product_211,9,40.750705170722874,102.59312649905313,1011,Debit Card,Store_B
1212,2024-07-30,88,Product_212,1,44.28185729598885,873.0610168785665,1988,Credit Card,Store_B
1213,2024-07-31,52,Product_213,6,41.16895917301032,267.4207000050991,1302,Cash,Store_B
1214,2024-08-01,62,Product_214,7,31.514979897753904,596.8624281880401,1096,Debit Card,Store_C
1215,2024-08-02,58,Product_215,3,55.875182207652834,474.2177506187051,1190,Cash,Store_C
1216,2024-08-03,52,Product_216,8,84.27574974096072,747.6884349494774,1453,Debit Card,Store_B
1217,2024-08-04,12,Product_217,5,35.17331846243313,434.04545330716763,1192,Cash,Store_B
1218,2024-08-05,39,Product_218,9,94.81483171920098,882.7868590135397,1486,Credit Card,Store_C
1219,2024-08-06,2,Product_219,5,88.60029955514631,757.4467248629112,1266,Debit Card,Store_B
1220,2024-08-07,3,Product_220,9,24.558779021689865,682.9418539566293,1424,Debit Card,Store_B
1221,2024-08-08,56,Product_221,10,80.76483610813851,816.6165360065689,1128,Credit Card,Store_B
1222,2024-08-09,81,Product_222,4,61.712864408598996,778.620731435544,1238,Cash,Store_A
1223,2024-08-10,59,Product_223,9,60.99178259542767,132.344807429398,1920,Credit Card,Store_B
1224,2024-08-11,2,Product_224,5,45.1938486752357,455.2609184603453,1355,Credit Card,Store_A
1225,2024-08-12,2,Product_225,10,55.10376992638088,937.7265675848408,1940,Cash,Store_B
1226,2024-08-13,92,Product_226,9,45.74608996862899,213.1518420930036,1112,Credit Card,Store_C
1227,2024-08-14,54,Product_227,3,58.57593568839486,763.3868953888461,1828,Debit Card,Store_A
1228,2024-08-15,87,Product_228,4,66.51550474953723,977.1326302017967,1446,Debit Card,Store_A
1229,2024-08-16,96,Product_229,9,70.68734257681436,146.97876614047448,1343,Debit Card,Store_B
1230,2024-08-17,97,Product_230,10,57.92330733034836,713.9744925639494,1145,Credit Card,Store_B
1231,2024-08-18,1,Product_231,6,74.92798605958585,521.3387271709273,1065,Debit Card,Store_A
1232,2024-08-19,19,Product_232,2,22.715024434795524,621.2577298372499,1247,Debit Card,Store_C
1233,2024-08-20,2,Product_233,7,29.078424181201466,176.80720283589238,1735,Debit Card,Store_C
1234,2024-08-21,53,Product_234,2,83.68615036668432,138.70625668024553,1991,Debit Card,Store_B
1235,2024-08-22,44,Product_235,2,39.02751800617737,700.1799944958295,1490,Debit Card,Store_C
1236,2024-08-23,90,Product_236,1,12.060444247850821,840.9784868386461,1825,Debit Card,Store_C
1237,2024-08-24,32,Product_237,3,23.8412034701228,803.8138014396706,1439,Credit Card,Store_B
1238,2024-08-25,70,Product_238,6,30.125299104668013,589.4251550796137,1106,Debit Card,Store_C
1239,2024-08-26,32,Product_239,8,96.15905991051285,189.88013902256034,1181,Debit Card,Store_B
1240,2024-08-27,68,Product_240,9,61.57372860377644,719.2399994524125,1184,Cash,Store_A
1241,2024-08-28,55,Product_241,7,93.94576664286294,317.69999519873136,1226,Credit Card,Store_B
1242,2024-08-29,75,Product_242,4,61.764701544696244,919.9618324906453,1777,Credit Card,Store_A
1243,2024-08-30,56,Product_243,6,53.14189961240666,854.4388235911345,1790,Credit Card,Store_A
1244,2024-08-31,17,Product_244,5,38.235492207468646,738.4446703786518,1909,Credit Card,Store_C
1245,2024-09-01,38,Product_245,8,64.57338499900379,953.9613602480174,1089,Debit Card,Store_C
1246,2024-09-02,24,Product_246,1,22.527822215577686,128.27963936014564,1688,Debit Card,Store_C
1247,2024-09-03,69,Product_247,1,90.84354645634353,762.5803825546858,1530,Cash,Store_B
1248,2024-09-04,98,Product_248,6,84.63991646271553,397.2185014027648,1371,Cash,Store_C
1249,2024-09-05,70,Product_249,10,38.57783030890633,915.4592971177287,1972,Credit Card,Store_A
1250,2024-09-06,86,Product_250,2,95.75177748411649,340.00767699577983,1936,Cash,Store_C
1251,2024-09-07,11,Product_251,5,84.26806906740113,752.3708493835154,1913,Cash,Store_C
1252,2024-09-08,16,Product_252,1,69.96761972515358,889.8823176857032,1399,Credit Card,Store_B
1253,2024-09-09,97,Product_253,7,20.95857200127473,137.4911365444142,1106,Credit Card,Store_B
1254,2024-09-10,73,Product_254,1,53.041062074326504,457.88282163283253,1271,Cash,Store_A
1255,2024-09-11,59,Product_255,4,55.549679936207575,786.0781288197448,1975,Debit Card,Store_B
1256,2024-09-12,70,Product_256,9,30.929622252884208,509.4270005568284,1831,Cash,Store_C
1257,2024-09-13,80,Product_257,1,17.196885492337174,340.5273668142358,1503,Cash,Store_B
1258,2024-09-14,93,Product_258,4,79.90512674245234,297.824813940871,1679,Debit Card,Store_A
1259,2024-09-15,3,Product_259,6,20.98315469119555,218.36644022474013,1525,Debit Card,Store_C
1260,2024-09-16,20,Product_260,6,63.48616755055973,871.4166038706541,1849,Credit Card,Store_A
1261,2024-09-17,59,Product_261,8,94.28042564952945,617.8198629264003,1032,Credit Card,Store_B
1262,2024-09-18,36,Product_262,1,88.84946733382382,168.74645049231037,1393,Cash,Store_B
1263,2024-09-19,19,Product_263,7,34.997736137433506,444.3222912135719,1040,Debit Card,Store_A
1264,2024-09-20,90,Product_264,1,86.63037737961388,430.9602857245989,1660,Credit Card,Store_C
1265,2024-09-21,67,Product_265,7,10.029925550844046,263.5652716385167,1218,Cash,Store_B
1266,2024-09-22,19,Product_266,3,11.59190286519315,491.95686292497163,1731,Debit Card,Store_B
1267,2024-09-23,20,Product_267,8,64.22978474585784,398.8894288538228,1981,Cash,Store_C
1268,2024-09-24,96,Product_268,3,42.831839723007654,407.6233349429643,1082,Credit Card,Store_B
1269,2024-09-25,71,Product_269,1,44.78147570432324,765.1239020091627,1845,Credit Card,Store_A
1270,2024-09-26,52,Product_270,8,60.79969816109942,300.9370469546767,1720,Debit Card,Store_B
1271,2024-09-27,33,Product_271,3,27.260421003267453,677.6739629698199,1201,Cash,Store_B
1272,2024-09-28,40,Product_272,2,29.05798155989305,613.5846614928414,1447,Debit Card,Store_C
1273,2024-09-29,39,Product_273,1,53.61414283169782,611.2832611040806,1844,Credit Card,Store_A
1274,2024-09-30,82,Product_274,3,77.88281899094767,696.7066115275983,1428,Credit Card,Store_C
1275,2024-10-01,1,Product_275,2,65.75479762668289,593.5438325760886,1038,Cash,Store_B
1276,2024-10-02,11,Product_276,2,36.7619543413155,891.3296033617462,1211,Cash,Store_B
1277,2024-10-03,92,Product_277,6,48.730345975802905,708.0220827552338,1444,Cash,Store_C
1278,2024-10-04,57,Product_278,1,25.359828269499857,592.2669262342492,1327,Debit Card,Store_C
1279,2024-10-05,89,Product_279,2,16.716683290337354,846.7868082588803,1761,Cash,Store_C
1280,2024-10-06,50,Product_280,6,80.44264366697342,645.5319084401318,1227,Cash,Store_A
1281,2024-10-07,23,Product_281,3,33.88486682693751,362.0298230066611,1048,Credit Card,Store_B
1282,2024-10-08,31,Product_282,4,25.99897490661234,286.38542635891406,1018,Credit Card,Store_C
1283,2024-10-09,94,Product_283,1,72.24562500123874,237.0950070964109,1912,Cash,Store_B
1284,2024-10-10,42,Product_284,8,65.62465068584675,909.5096912914914,1439,Cash,Store_A
1285,2024-10-11,99,Product_285,7,66.98706634121177,739.1218886182593,1807,Credit Card,Store_A
1286,2024-10-12,7,Product_286,7,30.600514436195226,943.6405943478887,1708,Cash,Store_A
1287,2024-10-13,16,Product_287,3,30.93809847064129,642.9626251434487,1187,Debit Card,Store_A
1288,2024-10-14,90,Product_288,10,29.872236680707523,526.0607933454213,1345,Debit Card,Store_B
1289,2024-10-15,60,Product_289,10,25.637733609606506,153.7448400738004,1224,Debit Card,Store_A
1290,2024-10-16,2,Product_290,3,69.01513053054907,704.4780533914268,1830,Cash,Store_A
1291,2024-10-17,1,Product_291,2,86.32142967244613,623.9878837914081,1488,Credit Card,Store_C
1292,2024-10-18,48,Product_292,1,75.18857227089951,991.1880042288593,1909,Cash,Store_A
1293,2024-10-19,12,Product_293,7,81.28842703844889,315.24290000401874,1877,Cash,Store_C
1294,2024-10-20,69,Product_294,7,46.431858617667984,577.6636197581522,1849,Credit Card,Store_A
1295,2024-10-21,37,Product_295,2,68.86682158347983,685.8616016062654,1229,Credit Card,Store_A
1296,2024-10-22,32,Product_296,7,41.881261640029706,680.1320572681093,1390,Credit Card,Store_C
1297,2024-10-23,9,Product_297,8,57.2954159771776,605.1641886535624,1979,Debit Card,Store_A
1298,2024-10-24,99,Product_298,1,53.34713618813761,799.235209294503,1589,Cash,Store_B
1299,2024-10-25,19,Product_299,9,25.919843062946896,284.48308857413474,1188,Credit Card,Store_B
1300,2024-10-26,48,Product_300,7,44.83708843020678,753.0644802469743,1858,Cash,Store_A
1301,2024-10-27,80,Product_301,3,96.74400479341159,657.7611142897803,1270,Debit Card,Store_B
1302,2024-10-28,3,Product_302,8,32.372223194344784,906.467600615116,1607,Debit Card,Store_C
1303,2024-10-29,20,Product_303,7,22.042336265153985,862.4749951302235,1310,Credit Card,Store_A
1304,2024-10-30,24,Product_304,8,47.67225594615417,383.63233521929794,1132,Credit Card,Store_A
1305,2024-10-31,54,Product_305,6,81.13039622741333,348.6135924776378,1551,Cash,Store_C
1306,2024-11-01,33,Product_306,9,62.393340680197504,983.4879914672031,1072,Credit Card,Store_C
1307,2024-11-02,24,Product_307,5,71.287734451442,574.5386628237309,1793,Cash,Store_C
1308,2024-11-03,75,Product_308,3,27.072536335720947,915.7788675229931,1845,Credit Card,Store_A
1309,2024-11-04,72,Product_309,3,65.70533737069493,247.49292140243398,1672,Cash,Store_C
1310,2024-11-05,36,Product_310,1,39.115035542032636,678.5370233201569,1187,Cash,Store_C
1311,2024-11-06,38,Product_311,8,85.08730293592907,828.8741686245276,1486,Cash,Store_B
1312,2024-11-07,84,Product_312,2,66.63689254096626,952.6557246278021,1191,Cash,Store_B
1313,2024-11-08,99,Product_313,3,27.89706499977663,403.6061269153211,1422,Debit Card,Store_A
1314,2024-11-09,89,Product_314,8,15.815501185967753,752.4830529316472,1120,Cash,Store_B
1315,2024-11-10,99,Product_315,8,13.836988835832946,584.9317081356571,1220,Credit Card,Store_B
1316,2024-11-11,25,Product_316,4,43.426771088512666,154.56603345982137,1053,Debit Card,Store_C
1317,2024-11-12,93,Product_317,4,33.92660229888821,720.999763578049,1734,Debit Card,Store_C
1318,2024-11-13,18,Product_318,5,68.14811111162572,721.0869024140591,1451,Cash,Store_B
1319,2024-11-14,82,Product_319,6,54.94004514807565,937.5461243618834,1412,Debit Card,Store_B
1320,2024-11-15,66,Product_320,5,33.941735020484266,547.5812015520752,1643,Cash,Store_B
1321,2024-11-16,54,Product_321,7,23.43140001551585,307.2258286394632,1237,Credit Card,Store_A
1322,2024-11-17,35,Product_322,2,21.447978641870463,140.10744110381125,1758,Cash,Store_A
1323,2024-11-18,80,Product_323,7,87.81943529263759,474.07796801731513,1738,Debit Card,Store_A
1324,2024-11-19,61,Product_324,10,31.913017156438052,371.72503006975165,1720,Credit Card,Store_B
1325,2024-11-20,41,Product_325,7,68.65395831198714,784.979475421488,1406,Cash,Store_B
1326,2024-11-21,100,Product_326,1,82.96173351876396,418.8409883569419,1608,Credit Card,Store_A
1327,2024-11-22,33,Product_327,7,65.26731800662625,954.1640766833596,1422,Credit Card,Store_A
1328,2024-11-23,68,Product_328,5,87.36087084822512,966.0791826890058,1712,Debit Card,Store_B
1329,2024-11-24,33,Product_329,3,45.315434937562706,658.8177311959372,1247,Credit Card,Store_C
1330,2024-11-25,14,Product_330,3,96.05999715840535,935.7942583133946,1072,Debit Card,Store_A
1331,2024-11-26,21,Product_331,4,21.983050376028725,784.7689100630461,1830,Credit Card,Store_B
1332,2024-11-27,48,Product_332,2,19.19345766917843,592.1736768776136,1185,Cash,Store_B
1333,2024-11-28,20,Product_333,2,69.28229315866992,262.27714188050027,1006,Credit Card,Store_C
1334,2024-11-29,8,Product_334,1,94.85480272719356,512.738149162456,1206,Cash,Store_B
1335,2024-11-30,7,Product_335,5,82.79951154726953,604.7870170263559,1544,Cash,Store_B
1336,2024-12-01,67,Product_336,4,16.87751734942463,877.5654226615092,1611,Credit Card,Store_A
1337,2024-12-02,17,Product_337,10,35.14309425412448,533.2000388820984,1906,Cash,Store_A
1338,2024-12-03,33,Product_338,2,93.72869963540413,907.9072054101609,1387,Credit Card,Store_C
1339,2024-12-04,48,Product_339,3,32.77525895207061,706.914081121122,1768,Credit Card,Store_C
1340,2024-12-05,76,Product_340,7,80.30533814082273,223.29915674830426,1699,Cash,Store_B
1341,2024-12-06,59,Product_341,7,84.26189763358335,995.4832323925837,1076,Cash,Store_A
1342,2024-12-07,86,Product_342,4,54.59068931148836,574.5093946785214,1177,Debit Card,Store_C
1343,2024-12-08,22,Product_343,5,44.77140188634839,452.672466768171,1827,Cash,Store_C
1344,2024-12-09,30,Product_344,5,50.511198917778366,693.2023880225738,1799,Debit Card,Store_C
1345,2024-12-10,38,Product_345,6,30.426822492882774,198.00398258293518,1349,Cash,Store_B
1346,2024-12-11,51,Product_346,9,90.04518245159598,672.8847820780189,1255,Credit Card,Store_A
1347,2024-12-12,54,Product_347,2,50.55576910567821,548.4124004493457,1837,Cash,Store_C
1348,2024-12-13,8,Product_348,5,89.42134964104898,466.00666299872483,1702,Credit Card,Store_A
1349,2024-12-14,27,Product_349,3,19.51241319156467,957.7180190610093,1308,Credit Card,Store_C
1350,2024-12-15,27,Product_350,4,98.94477439001182,570.2857450588479,1345,Credit Card,Store_C
1351,2024-12-16,98,Product_351,10,49.89457786992564,297.2057315229446,1127,Debit Card,Store_A
1352,2024-12-17,21,Product_352,6,14.304773835469492,513.0671314395688,1937,Cash,Store_A
1353,2024-12-18,30,Product_353,8,13.421966341370943,927.4486641154053,1287,Credit Card,Store_A
1354,2024-12-19,97,Product_354,1,77.15865317336548,258.4859241975352,1766,Credit Card,Store_B
1355,2024-12-20,28,Product_355,10,69.31319807833127,292.5613348194132,1725,Debit Card,Store_C
1356,2024-12-21,64,Product_356,8,82.19175023148287,111.72661098137537,1762,Cash,Store_B
1357,2024-12-22,97,Product_357,7,19.483078055752536,112.77104445619047,1596,Cash,Store_A
1358,2024-12-23,69,Product_358,1,13.20137803319935,846.4524642626612,1487,Debit Card,Store_C
1359,2024-12-24,61,Product_359,2,55.772136050282064,758.9103461586602,1383,Debit Card,Store_B
1360,2024-12-25,48,Product_360,3,44.883570833449255,419.53695080676243,1406,Cash,Store_C
1361,2024-12-26,19,Product_361,1,51.57522430038602,728.4800415048155,1388,Debit Card,Store_B
1362,2024-12-27,4,Product_362,9,99.24295679832466,455.68533367897317,1525,Cash,Store_A
1363,2024-12-28,35,Product_363,8,97.36749619036031,957.6071163980448,1557,Cash,Store_B
1364,2024-12-29,64,Product_364,2,94.80838507058735,970.3474132834314,1639,Credit Card,Store_C
1365,2024-12-30,49,Product_365,9,80.54584090909064,453.51439822840905,1938,Credit Card,Store_C
1366,2024-12-31,17,Product_366,7,41.93572242312014,868.7997157067812,1626,Cash,Store_C
1367,2025-01-01,44,Product_367,9,47.09178372364944,795.7801375277196,1945,Cash,Store_C
1368,2025-01-02,92,Product_368,6,59.4654439347032,378.9999434546104,1276,Cash,Store_A
1369,2025-01-03,30,Product_369,6,84.74810107643559,308.8358460109954,1500,Cash,Store_B
1370,2025-01-04,93,Product_370,4,16.184154926644098,512.4111853535505,1717,Cash,Store_A
1371,2025-01-05,46,Product_371,10,48.18671972963993,803.2139565529657,1337,Cash,Store_A
1372,2025-01-06,6,Product_372,10,17.43558971133418,964.1510062558709,1950,Debit Card,Store_A
1373,2025-01-07,99,Product_373,2,56.31918279161604,787.2211619799153,1932,Cash,Store_C
1374,2025-01-08,37,Product_374,7,90.90107416056118,869.686286516533,1481,Debit Card,Store_C
1375,2025-01-09,24,Product_375,5,80.4236432107544,642.7578755534649,1897,Debit Card,Store_C
1376,2025-01-10,93,Product_376,6,30.505817578879896,851.8670477579133,1911,Cash,Store_B
1377,2025-01-11,46,Product_377,2,97.83917646389132,805.9787722030759,1973,Cash,Store_C
1378,2025-01-12,53,Product_378,5,70.06153582417855,439.2869877336521,1273,Debit Card,Store_B
1379,2025-01-13,95,Product_379,10,10.938492945766276,596.7912719086489,1920,Debit Card,Store_C
1380,2025-01-14,99,Product_380,4,32.98721362166975,824.2778097907253,1058,Cash,Store_C
1381,2025-01-15,60,Product_381,9,33.46419699279249,141.45106077096074,1328,Cash,Store_A
1382,2025-01-16,97,Product_382,6,16.232887565727395,827.2713541202469,1731,Debit Card,Store_A
1383,2025-01-17,63,Product_383,2,96.38438662683362,260.0993116441211,1109,Debit Card,Store_A
1384,2025-01-18,85,Product_384,1,53.04297651183314,563.2152554092951,1279,Debit Card,Store_B
1385,2025-01-19,32,Product_385,5,90.62331376346938,827.4478956003438,1686,Credit Card,Store_B
1386,2025-01-20,87,Product_386,9,38.99939531001655,328.43897034102537,1328,Debit Card,Store_C
1387,2025-01-21,33,Product_387,6,21.27102133895444,321.2266953755377,1776,Credit Card,Store_B
1388,2025-01-22,67,Product_388,10,52.69024989155925,462.4879586160267,1315,Cash,Store_C
1389,2025-01-23,18,Product_389,7,20.256097124288544,905.1785178198711,1474,Cash,Store_B
1390,2025-01-24,25,Product_390,5,53.7413952679786,100.3985032934871,1111,Debit Card,Store_B
1391,2025-01-25,95,Product_391,10,92.8267463097467,911.2447869777415,1699,Cash,Store_B
1392,2025-01-26,54,Product_392,6,56.869132765079144,238.426322177447,1781,Cash,Store_A
1393,2025-01-27,58,Product_393,5,65.4849754205575,991.0777384607338,1935,Cash,Store_B
1394,2025-01-28,67,Product_394,9,24.097459327642746,959.3622937346213,1229,Cash,Store_A
1395,2025-01-29,46,Product_395,6,13.936206329197255,545.207670632155,1497,Credit Card,Store_A
1396,2025-01-30,24,Product_396,8,19.972716596182636,561.4482230313654,1156,Credit Card,Store_B
1397,2025-01-31,32,Product_397,2,63.86784181159291,533.3944062482689,1473,Debit Card,Store_C
1398,2025-02-01,47,Product_398,9,18.55105290930742,671.8992810935704,1701,Debit Card,Store_C
1399,2025-02-02,86,Product_399,5,43.839360094718025,181.64953201143794,1272,Debit Card,Store_C
1400,2025-02-03,23,Product_400,7,59.50827464123404,129.35615350740986,1887,Cash,Store_B
1401,2025-02-04,66,Product_401,10,44.97875187668623,151.93263557430896,1002,Cash,Store_C
1402,2025-02-05,27,Product_402,1,24.731542131877134,499.92881431736294,1758,Credit Card,Store_A
1403,2025-02-06,2,Product_403,10,34.64121767626959,347.9931452975351,1722,Credit Card,Store_C
1404,2025-02-07,90,Product_404,5,93.54857795637193,659.8356061338944,1511,Debit Card,Store_B
1405,2025-02-08,17,Product_405,10,70.83840480277198,993.198060437301,1913,Credit Card,Store_C
1406,2025-02-09,33,Product_406,2,54.64430548118979,447.6908557688193,1286,Credit Card,Store_A
1407,2025-02-10,9,Product_407,6,11.144340098820416,616.457128694062,1871,Credit Card,Store_B
1408,2025-02-11,43,Product_408,1,99.31738604405231,474.04350631660196,1013,Credit Card,Store_C
1409,2025-02-12,48,Product_409,3,70.4309441405179,862.5445009496734,1608,Credit Card,Store_B
1410,2025-02-13,39,Product_410,5,38.523022961045044,912.0127631160143,1498,Debit Card,Store_B
1411,2025-02-14,93,Product_411,4,89.13417939980543,889.620050984734,1733,Debit Card,Store_B
1412,2025-02-15,42,Product_412,3,33.258845826263624,976.9350148113318,1238,Credit Card,Store_C
1413,2025-02-16,26,Product_413,10,58.961492126447645,124.76726662637375,1094,Debit Card,Store_B
1414,2025-02-17,99,Product_414,5,67.24636873568426,855.8345459309779,1338,Cash,Store_C
1415,2025-02-18,50,Product_415,8,29.89570343083556,776.5949557351839,1781,Credit Card,Store_A
1416,2025-02-19,25,Product_416,4,98.05575509205363,305.8249684603283,1171,Cash,Store_C
1417,2025-02-20,24,Product_417,1,77.33727153810977,960.6880840487748,1981,Debit Card,Store_A
1418,2025-02-21,13,Product_418,7,60.20319029599629,233.36013540695092,1606,Debit Card,Store_C
1419,2025-02-22,60,Product_419,8,26.253513835777078,711.5949344205176,1661,Cash,Store_B
1420,2025-02-23,7,Product_420,3,14.847238629822352,302.40119513432126,1624,Debit Card,Store_C
1421,2025-02-24,57,Product_421,6,38.80538492688851,488.2425838966672,1567,Credit Card,Store_B
1422,2025-02-25,36,Product_422,2,77.78686023220625,747.2439072501121,1849,Cash,Store_A
1423,2025-02-26,45,Product_423,7,34.239816847182254,606.992177829742,1936,Credit Card,Store_C
1424,2025-02-27,20,Product_424,8,58.56005984459546,484.75164819530056,1467,Cash,Store_B
1425,2025-02-28,65,Product_425,6,75.51524590576689,393.7045878387885,1628,Debit Card,Store_A
1426,2025-03-01,8,Product_426,6,19.71493431818179,855.6936901379113,1143,Cash,Store_A
1427,2025-03-02,16,Product_427,5,71.6768214504286,229.43291528333233,1201,Cash,Store_C
1428,2025-03-03,14,Product_428,8,18.268379893904022,487.09258887682006,1180,Credit Card,Store_A
1429,2025-03-04,76,Product_429,1,96.86167679142969,913.3818145976279,1714,Debit Card,Store_B
1430,2025-03-05,87,Product_430,10,53.955471705844566,861.2645954139709,1364,Credit Card,Store_A
1431,2025-03-06,15,Product_431,4,23.560849693888965,460.847586225742,1479,Debit Card,Store_A
1432,2025-03-07,92,Product_432,4,40.814527243019185,786.7975272411775,1565,Credit Card,Store_B
1433,2025-03-08,98,Product_433,3,47.20748043657353,840.8447476379733,1471,Cash,Store_A
1434,2025-03-09,66,Product_434,3,78.23665099688836,899.9986816032667,1384,Credit Card,Store_A
1435,2025-03-10,32,Product_435,4,76.90814074689484,590.0551921443052,1692,Debit Card,Store_A
1436,2025-03-11,87,Product_436,1,65.07464548035979,284.01479744924063,1926,Debit Card,Store_A
1437,2025-03-12,63,Product_437,2,19.533764130264366,329.7781688535385,1417,Cash,Store_B
1438,2025-03-13,86,Product_438,9,23.641243442890623,366.1252066374438,1825,Debit Card,Store_A
1439,2025-03-14,51,Product_439,10,18.438122858100098,634.422232728654,1308,Credit Card,Store_B
1440,2025-03-15,25,Product_440,2,61.94555049587951,129.5286617157476,1649,Cash,Store_A
1441,2025-03-16,58,Product_441,5,88.94245973602635,672.4382219019715,1694,Debit Card,Store_A
1442,2025-03-17,63,Product_442,9,49.04204610292946,427.9188145854088,1367,Debit Card,Store_A
1443,2025-03-18,62,Product_443,9,24.476335656197158,365.71762224067794,1001,Credit Card,Store_A
1444,2025-03-19,22,Product_444,8,60.223809263407034,891.5469136553137,1044,Credit Card,Store_B
1445,2025-03-20,58,Product_445,1,83.05769951791389,514.002156022719,1739,Cash,Store_B
1446,2025-03-21,58,Product_446,1,76.7540855361637,185.5477409794235,1843,Debit Card,Store_B
1447,2025-03-22,86,Product_447,9,89.33057017075193,844.0720912236224,1098,Credit Card,Store_C
1448,2025-03-23,49,Product_448,8,35.011188752398105,142.87713169285593,1720,Cash,Store_A
1449,2025-03-24,52,Product_449,10,27.455848054099736,754.074301751377,1265,Debit Card,Store_A
1450,2025-03-25,42,Product_450,9,89.18348373477448,796.5155995935986,1800,Debit Card,Store_B
1451,2025-03-26,70,Product_451,7,69.18042815002207,417.34234533597237,1783,Cash,Store_C
1452,2025-03-27,15,Product_452,3,37.98360370067988,842.309070650008,1140,Cash,Store_A
1453,2025-03-28,54,Product_453,3,76.81132455152583,564.0934652708081,1481,Credit Card,Store_B
1454,2025-03-29,60,Product_454,2,83.36065460323312,516.9642879455171,1237,Debit Card,Store_A
1455,2025-03-30,97,Product_455,5,65.34804163070191,140.86295332182328,1974,Debit Card,Store_A
1456,2025-03-31,8,Product_456,3,71.90956988919237,361.0262742840153,1953,Debit Card,Store_B
1457,2025-04-01,53,Product_457,6,43.773391399839966,937.9089737967698,1904,Cash,Store_B
1458,2025-04-02,60,Product_458,2,58.48261006087352,452.64156695515,1072,Credit Card,Store_A
1459,2025-04-03,5,Product_459,3,57.174325365354605,592.0304685010915,1667,Debit Card,Store_A
1460,2025-04-04,68,Product_460,5,86.32430120176947,578.8195110858267,1190,Cash,Store_B
1461,2025-04-05,6,Product_461,1,85.59675822539643,631.387980840424,1268,Debit Card,Store_A
1462,2025-04-06,96,Product_462,1,84.9412422412339,155.19786007895436,1321,Credit Card,Store_A
1463,2025-04-07,94,Product_463,10,10.992845283621921,425.95862931885546,1107,Debit Card,Store_B
1464,2025-04-08,47,Product_464,9,77.45909360219994,750.8154464942987,1232,Credit Card,Store_A
1465,2025-04-09,99,Product_465,7,78.28087510999043,280.50422596568467,1042,Credit Card,Store_A
1466,2025-04-10,55,Product_466,1,71.05409405696277,283.2205397917244,1702,Debit Card,Store_C
1467,2025-04-11,40,Product_467,8,78.06381921023073,109.08154602012226,1883,Debit Card,Store_B
1468,2025-04-12,52,Product_468,3,85.77733343470379,493.73373394738877,1139,Credit Card,Store_C
1469,2025-04-13,16,Product_469,8,52.328714869160706,894.4609426060798,1615,Cash,Store_C
1470,2025-04-14,13,Product_470,5,55.18451921396024,146.71084922857813,1683,Credit Card,Store_C
1471,2025-04-15,30,Product_471,1,21.224265122025145,272.0068385464024,1863,Debit Card,Store_A
1472,2025-04-16,19,Product_472,7,44.683829474262566,379.07608450847954,1273,Debit Card,Store_A
1473,2025-04-17,17,Product_473,5,67.90286619206059,758.5522629077916,1481,Cash,Store_C
1474,2025-04-18,63,Product_474,6,80.2359798532547,676.5720335223278,1416,Credit Card,Store_C
1475,2025-04-19,19,Product_475,6,29.548818792208948,474.3495141236695,1506,Credit Card,Store_C
1476,2025-04-20,92,Product_476,8,22.404060924331187,783.1620453325381,1733,Credit Card,Store_A
1477,2025-04-21,58,Product_477,9,69.6737804050443,648.6679104912117,1725,Debit Card,Store_C
1478,2025-04-22,55,Product_478,2,10.169189517241957,906.4367196914972,1853,Credit Card,Store_C
1479,2025-04-23,90,Product_479,9,26.053532587659685,836.2240742248237,1424,Cash,Store_B
1480,2025-04-24,90,Product_480,10,12.616424230955836,327.5322454802805,1407,Debit Card,Store_B
1481,2025-04-25,62,Product_481,9,25.019660606938384,344.2947198707802,1568,Debit Card,Store_A
1482,2025-04-26,23,Product_482,10,26.31873519329547,212.82082821314708,1390,Credit Card,Store_B
1483,2025-04-27,9,Product_483,10,44.89062352753548,403.26825314571084,1342,Cash,Store_B
1484,2025-04-28,12,Product_484,7,46.20944122179004,999.5895268471849,1946,Debit Card,Store_B
1485,2025-04-29,1,Product_485,1,88.6836223549214,465.1760517535549,1614,Debit Card,Store_A
1486,2025-04-30,58,Product_486,7,55.909874124894266,298.4395912201958,1933,Credit Card,Store_B
1487,2025-05-01,1,Product_487,10,75.10642890510576,786.2345960279977,1493,Credit Card,Store_A
1488,2025-05-02,34,Product_488,5,19.37236221282587,588.2239031163905,1192,Cash,Store_C
1489,2025-05-03,96,Product_489,6,30.289487991732447,234.64130457425728,1499,Credit Card,Store_B
1490,2025-05-04,48,Product_490,10,73.2649096880809,442.62071304477917,1822,Cash,Store_A
1491,2025-05-05,89,Product_491,7,14.752356442167528,473.02274398540897,1712,Debit Card,Store_B
1492,2025-05-06,1,Product_492,5,53.79378960193778,778.4467305122968,1233,Cash,Store_C
1493,2025-05-07,16,Product_493,7,63.94320690966405,118.60423200271401,1945,Cash,Store_A
1494,2025-05-08,61,Product_494,9,64.1931079647233,342.1176821184794,1227,Cash,Store_A
1495,2025-05-09,64,Product_495,3,12.063953014123783,565.8366711839699,1371,Debit Card,Store_A
1496,2025-05-10,63,Product_496,8,38.98972038062669,341.962068207559,1139,Credit Card,Store_C
1497,2025-05-11,69,Product_497,2,67.28415859442387,665.590642677099,1856,Debit Card,Store_C
1498,2025-05-12,22,Product_498,7,23.40997625343191,533.680731347155,1817,Credit Card,Store_C
1499,2025-05-13,93,Product_499,2,72.5874083495248,425.53922937362256,1149,Cash,Store_A
1500,2025-05-14,67,Product_500,4,77.13326879323071,954.287764183461,1115,Cash,Store_C
1501,2025-05-15,76,Product_501,7,98.37722714015308,668.9435492678117,1450,Cash,Store_B
1502,2025-05-16,26,Product_502,3,28.885779537076846,216.9472350411471,1063,Cash,Store_C
1503,2025-05-17,16,Product_503,2,84.26176008995037,604.082527699056,1104,Cash,Store_A
1504,2025-05-18,51,Product_504,10,56.82669192267886,802.6586678808109,1851,Credit Card,Store_B
1505,2025-05-19,86,Product_505,7,43.611633652975605,737.6407277435176,1871,Credit Card,Store_C
1506,2025-05-20,57,Product_506,1,21.013908159266016,254.88030636573345,1668,Cash,Store_B
1507,2025-05-21,29,Product_507,8,76.19550458387839,975.177999136093,1273,Debit Card,Store_B
1508,2025-05-22,78,Product_508,3,31.22718392293184,503.93228117194536,1006,Debit Card,Store_A
1509,2025-05-23,92,Product_509,2,43.427980168574116,243.12250336623518,1147,Cash,Store_B
1510,2025-05-24,69,Product_510,3,15.62880042076316,262.1761787153331,1184,Credit Card,Store_B
1511,2025-05-25,47,Product_511,5,82.12302242375671,188.41149297017245,1998,Debit Card,Store_A
1512,2025-05-26,94,Product_512,8,78.99296715744791,823.1662975914409,1028,Debit Card,Store_A
1513,2025-05-27,62,Product_513,10,76.02542470380813,209.82744488966378,1962,Debit Card,Store_A
1514,2025-05-28,69,Product_514,7,36.949915944269804,212.61273142757224,1550,Cash,Store_B
1515,2025-05-29,76,Product_515,7,25.613206683936152,865.4244532847539,1119,Debit Card,Store_B
1516,2025-05-30,16,Product_516,7,67.37979380232068,410.14367600280366,1293,Debit Card,Store_B
1517,2025-05-31,90,Product_517,8,54.65497457018975,127.7721138772652,1371,Debit Card,Store_A
1518,2025-06-01,90,Product_518,1,26.04272202141774,146.70576956656978,1244,Debit Card,Store_C
1519,2025-06-02,48,Product_519,4,71.73201439448773,227.953402033506,1580,Credit Card,Store_B
1520,2025-06-03,85,Product_520,6,99.20137886391733,292.0540131781206,1726,Cash,Store_C
1521,2025-06-04,39,Product_521,9,77.2497628967834,698.6315748145648,1218,Cash,Store_A
1522,2025-06-05,100,Product_522,2,76.59877480170506,241.5936520016454,1177,Credit Card,Store_B
1523,2025-06-06,33,Product_523,1,95.52814776375325,206.9869520593648,1299,Credit Card,Store_C
1524,2025-06-07,94,Product_524,10,28.264273081741198,788.2472273286512,1676,Cash,Store_B
1525,2025-06-08,23,Product_525,2,60.899496842929636,703.949755473923,1058,Debit Card,Store_B
1526,2025-06-09,10,Product_526,7,98.1682043530495,491.7917993097126,1269,Debit Card,Store_B
1527,2025-06-10,69,Product_527,3,24.87646998731571,594.3787943320935,1308,Cash,Store_C
1528,2025-06-11,100,Product_528,10,73.02267635000689,380.7856182937766,1570,Debit Card,Store_A
1529,2025-06-12,34,Product_529,2,62.722913137471174,534.2503782118246,1288,Credit Card,Store_B
1530,2025-06-13,52,Product_530,7,62.78311829698363,556.0053840844712,1977,Debit Card,Store_A
1531,2025-06-14,95,Product_531,2,72.79035647680676,448.51354406028634,1105,Debit Card,Store_A
1532,2025-06-15,10,Product_532,3,93.66552305881157,915.9149896049465,1228,Debit Card,Store_C
1533,2025-06-16,19,Product_533,7,80.43237458662041,114.45567848290553,1247,Cash,Store_C
1534,2025-06-17,58,Product_534,4,15.0522493074589,803.9541367821215,1700,Credit Card,Store_A
1535,2025-06-18,96,Product_535,1,86.74552178881402,211.94454811719189,1494,Debit Card,Store_B
1536,2025-06-19,1,Product_536,5,30.298719693315935,817.7926244834795,1083,Cash,Store_C
1537,2025-06-20,69,Product_537,9,43.92227482627348,654.3207241090491,1186,Debit Card,Store_B
1538,2025-06-21,4,Product_538,8,51.55595322511439,858.9502818427621,1252,Credit Card,Store_B
1539,2025-06-22,16,Product_539,9,53.28154006777627,187.7628930768077,1355,Debit Card,Store_B
1540,2025-06-23,24,Product_540,10,49.16623593298211,603.0825706897966,1750,Credit Card,Store_A
1541,2025-06-24,80,Product_541,9,94.3617964794278,550.9790922359773,1872,Debit Card,Store_B
1542,2025-06-25,2,Product_542,7,73.54171068976221,735.5738646670228,1696,Credit Card,Store_A
1543,2025-06-26,92,Product_543,4,66.80535813610356,580.8614967043081,1796,Debit Card,Store_A
1544,2025-06-27,32,Product_544,5,14.48578250046474,586.6611104197938,1897,Credit Card,Store_B
1545,2025-06-28,91,Product_545,1,91.35219972343373,486.63634921845824,1938,Debit Card,Store_B
1546,2025-06-29,84,Product_546,1,91.84511728075566,377.9509816066068,1210,Debit Card,Store_B
1547,2025-06-30,24,Product_547,3,80.21917570870922,534.037925126973,1816,Cash,Store_B
1548,2025-07-01,12,Product_548,8,10.632628343225724,206.64312289156052,1808,Cash,Store_A
1549,2025-07-02,50,Product_549,2,15.155222596986102,965.3620050847763,1609,Credit Card,Store_B
1550,2025-07-03,35,Product_550,4,30.27013320416408,742.9696872639385,1447,Debit Card,Store_B
1551,2025-07-04,33,Product_551,2,21.821446733041604,957.2204050190621,1460,Credit Card,Store_A
1552,2025-07-05,33,Product_552,5,45.89524267333565,304.05464409696697,1968,Cash,Store_C
1553,2025-07-06,61,Product_553,9,93.03607522790107,891.4069181588752,1472,Credit Card,Store_C
1554,2025-07-07,51,Product_554,1,52.48543907772984,827.9109861071846,1720,Credit Card,Store_A
1555,2025-07-08,43,Product_555,5,11.206236378894905,709.4371712119063,1370,Cash,Store_C
1556,2025-07-09,12,Product_556,9,35.44711206208858,662.5262674766851,1900,Debit Card,Store_A
1557,2025-07-10,67,Product_557,1,14.013541753566539,384.894698741083,1934,Credit Card,Store_B
1558,2025-07-11,65,Product_558,9,13.265886035215194,834.7697064685276,1492,Cash,Store_B
1559,2025-07-12,33,Product_559,8,34.814786778599704,551.3639153317604,1923,Debit Card,Store_C
1560,2025-07-13,40,Product_560,4,34.80511048110509,163.8024183021568,1137,Cash,Store_B
1561,2025-07-14,74,Product_561,10,80.84139423414436,381.57684476961697,1367,Credit Card,Store_C
1562,2025-07-15,43,Product_562,5,97.73511875030007,941.7673886907949,1912,Debit Card,Store_C
1563,2025-07-16,44,Product_563,5,43.40863845009984,865.6122345443616,1184,Debit Card,Store_B
1564,2025-07-17,29,Product_564,6,48.59981909749347,983.7151282688852,1588,Cash,Store_B
1565,2025-07-18,13,Product_565,7,86.03104926574193,665.1940443436882,1287,Cash,Store_C
1566,2025-07-19,12,Product_566,8,34.132511808596206,322.7590658263708,1472,Cash,Store_B
1567,2025-07-20,95,Product_567,8,24.074362396310317,246.5335447091774,1375,Debit Card,Store_A
1568,2025-07-21,46,Product_568,2,86.77806610632854,268.2229965476155,1654,Debit Card,Store_B
1569,2025-07-22,2,Product_569,9,14.185052779605893,117.81609251252894,1749,Credit Card,Store_B
1570,2025-07-23,35,Product_570,7,65.7729496179474,451.61389988734527,1537,Debit Card,Store_A
1571,2025-07-24,87,Product_571,4,60.57935627201261,272.28491244958826,1511,Credit Card,Store_B
1572,2025-07-25,81,Product_572,4,41.13284027515248,470.4899144110322,1802,Cash,Store_B
1573,2025-07-26,90,Product_573,8,38.36705689876231,941.4949886548889,1579,Cash,Store_C
1574,2025-07-27,8,Product_574,4,79.46719535634591,487.48618855647095,1250,Debit Card,Store_B
1575,2025-07-28,93,Product_575,6,17.778214968629182,890.1860472863514,1920,Cash,Store_B
1576,2025-07-29,26,Product_576,5,31.310587838024684,644.9542899542888,1510,Cash,Store_A
1577,2025-07-30,74,Product_577,3,75.92038586542807,322.41839919525273,1630,Debit Card,Store_C
1578,2025-07-31,90,Product_578,10,59.34885253537818,420.2692833332903,1073,Credit Card,Store_C
1579,2025-08-01,34,Product_579,2,21.518938768022775,175.52758223928646,1282,Debit Card,Store_C
1580,2025-08-02,7,Product_580,9,89.39220528538542,400.11633423640944,1916,Credit Card,Store_B
1581,2025-08-03,68,Product_581,10,45.41030619072324,709.7868509531806,1960,Debit Card,Store_C
1582,2025-08-04,58,Product_582,9,84.50815377899555,164.89998363649167,1360,Debit Card,Store_A
1583,2025-08-05,75,Product_583,1,80.89417139749378,284.8612676302264,1010,Cash,Store_C
1584,2025-08-06,29,Product_584,10,66.19829018245552,443.2969372719803,1211,Debit Card,Store_A
1585,2025-08-07,36,Product_585,3,54.50330181655837,983.8445833143663,1835,Debit Card,Store_C
1586,2025-08-08,89,Product_586,8,98.15957563435812,806.3756406629922,1152,Credit Card,Store_C
1587,2025-08-09,21,Product_587,6,23.04685651418353,760.1380718428935,1005,Cash,Store_A
1588,2025-08-10,36,Product_588,5,75.26401547960033,204.57186087290137,1195,Credit Card,Store_C
1589,2025-08-11,10,Product_589,5,27.20716313183101,802.8963042534923,1954,Credit Card,Store_C
1590,2025-08-12,73,Product_590,6,40.44367947991135,806.7419303644136,1283,Cash,Store_C
1591,2025-08-13,24,Product_591,7,37.782886903587574,640.9924260618955,1464,Cash,Store_B
1592,2025-08-14,64,Product_592,1,95.23323889648508,991.3256037985346,1113,Cash,Store_A
1593,2025-08-15,99,Product_593,9,97.06205600094476,392.7285153320968,1271,Debit Card,Store_C
1594,2025-08-16,49,Product_594,3,26.471389981125444,947.1452034176665,1163,Cash,Store_A
1595,2025-08-17,99,Product_595,4,11.983164426775376,923.2580034608533,1460,Cash,Store_A
1596,2025-08-18,36,Product_596,10,74.80072356968017,110.33259377444006,1105,Cash,Store_A
1597,2025-08-19,82,Product_597,1,47.61909404834359,505.1048738273299,1693,Credit Card,Store_C
1598,2025-08-20,96,Product_598,10,17.995622057880794,979.393809746416,1556,Credit Card,Store_C
1599,2025-08-21,24,Product_599,3,71.53786950193383,192.8092261672682,1282,Debit Card,Store_A
1600,2025-08-22,23,Product_600,2,59.059497543462975,593.0062249449875,1687,Credit Card,Store_B
1601,2025-08-23,62,Product_601,2,98.24651398009954,981.0617563369937,1162,Debit Card,Store_A
1602,2025-08-24,96,Product_602,1,30.466854627524103,599.9458816952741,1983,Credit Card,Store_B
1603,2025-08-25,37,Product_603,8,46.358008869389344,270.8337726749404,1351,Cash,Store_A
1604,2025-08-26,12,Product_604,3,58.829122305588065,623.9649070833308,1434,Credit Card,Store_A
1605,2025-08-27,55,Product_605,3,81.25299896080165,283.9965165545922,1852,Debit Card,Store_A
1606,2025-08-28,13,Product_606,6,59.39547910480528,567.7338366050358,1140,Credit Card,Store_C
1607,2025-08-29,23,Product_607,8,65.16101447757543,166.6379961211132,1471,Cash,Store_B
1608,2025-08-30,89,Product_608,9,30.353234643094666,644.9344022929641,1132,Debit Card,Store_B
1609,2025-08-31,99,Product_609,9,86.22268552797038,565.1109452153423,1087,Cash,Store_A
1610,2025-09-01,30,Product_610,4,48.576749227342816,766.1452318853168,1688,Cash,Store_C
1611,2025-09-02,17,Product_611,5,22.686366476959236,667.6304240429065,1183,Debit Card,Store_C
1612,2025-09-03,62,Product_612,2,69.77691230548757,594.6456416776809,1368,Cash,Store_B
1613,2025-09-04,84,Product_613,9,29.448140786677676,720.800964323309,1129,Cash,Store_C
1614,2025-09-05,89,Product_614,8,18.780625921536977,229.54772221500775,1246,Credit Card,Store_B
1615,2025-09-06,86,Product_615,3,87.5788217563845,635.8236951327436,1601,Cash,Store_B
1616,2025-09-07,13,Product_616,9,51.41460380395957,254.8995425404999,1578,Cash,Store_B
1617,2025-09-08,59,Product_617,3,77.43553414261987,932.9699870666929,1670,Cash,Store_C
1618,2025-09-09,19,Product_618,9,36.15288038257196,161.50069436104377,1899,Cash,Store_B
1619,2025-09-10,49,Product_619,2,80.82731214258997,487.3372747217139,1378,Debit Card,Store_B
1620,2025-09-11,100,Product_620,10,20.074233431937728,726.2177298899004,1149,Credit Card,Store_A
1621,2025-09-12,12,Product_621,9,42.03760364153675,512.2199905014329,1985,Cash,Store_B
1622,2025-09-13,61,Product_622,8,98.02556361761756,182.88572790961211,1852,Cash,Store_B
1623,2025-09-14,19,Product_623,9,81.45907447312055,598.0411145140366,1433,Debit Card,Store_A
1624,2025-09-15,76,Product_624,5,54.75303372832194,677.4687179446191,1628,Cash,Store_A
1625,2025-09-16,9,Product_625,2,40.57997244056966,733.4130798914568,1726,Debit Card,Store_C
1626,2025-09-17,71,Product_626,8,88.4922130020229,435.933833016483,1469,Credit Card,Store_B
1627,2025-09-18,28,Product_627,6,59.03629831760641,607.2939739258859,1446,Credit Card,Store_C
1628,2025-09-19,78,Product_628,8,78.25825160822,505.6178274450218,1481,Cash,Store_C
1629,2025-09-20,95,Product_629,5,77.86969122845477,704.8504348770281,1884,Cash,Store_A
1630,2025-09-21,52,Product_630,10,11.615111071164264,625.2012705923366,1294,Cash,Store_C
1631,2025-09-22,83,Product_631,2,21.36284045133521,573.1805976032214,1765,Debit Card,Store_B
1632,2025-09-23,16,Product_632,6,69.3666429755268,324.57193015442374,1143,Cash,Store_A
1633,2025-09-24,69,Product_633,5,24.545783015728432,101.81666597341052,1250,Cash,Store_B
1634,2025-09-25,99,Product_634,5,32.99440101900442,256.67350778028634,1878,Credit Card,Store_B
1635,2025-09-26,12,Product_635,1,95.19741587796464,205.3594372817518,1948,Cash,Store_A
1636,2025-09-27,25,Product_636,2,60.41640325374207,504.1762705098521,1975,Credit Card,Store_B
1637,2025-09-28,52,Product_637,8,77.56565562994125,651.0323356856602,1302,Cash,Store_A
1638,2025-09-29,85,Product_638,3,60.218266490437586,291.77650781632735,1025,Credit Card,Store_B
1639,2025-09-30,100,Product_639,10,59.72622533044527,945.1513863704685,1789,Cash,Store_A
1640,2025-10-01,53,Product_640,3,18.473671911312813,106.013916301499,1984,Credit Card,Store_C
1641,2025-10-02,23,Product_641,8,40.92968733481928,795.0709136488086,1889,Debit Card,Store_B
1642,2025-10-03,16,Product_642,8,35.418780881786056,662.684292577398,1890,Credit Card,Store_A
1643,2025-10-04,57,Product_643,2,45.16555290522519,436.1993209429137,1901,Credit Card,Store_B
1644,2025-10-05,39,Product_644,8,81.85097694018954,145.44004997116713,1070,Credit Card,Store_B
1645,2025-10-06,53,Product_645,1,43.47394011251784,664.7379146058514,1625,Cash,Store_B
1646,2025-10-07,42,Product_646,6,50.652713730851445,447.05216157908325,1875,Cash,Store_A
1647,2025-10-08,58,Product_647,8,45.764325143678484,942.6404254718973,1112,Cash,Store_C
1648,2025-10-09,39,Product_648,3,18.406717477776603,587.7910674007893,1364,Debit Card,Store_C
1649,2025-10-10,14,Product_649,8,49.69649424257054,945.6863601641573,1303,Debit Card,Store_C
1650,2025-10-11,95,Product_650,1,27.604834574006354,298.4353241259737,1471,Credit Card,Store_A
1651,2025-10-12,5,Product_651,9,26.80509661957373,753.153319327693,1964,Debit Card,Store_C
1652,2025-10-13,35,Product_652,9,18.46324939908397,655.5241187638532,1091,Credit Card,Store_A
1653,2025-10-14,87,Product_653,5,42.10038767275883,765.4674068481806,1530,Credit Card,Store_B
1654,2025-10-15,93,Product_654,10,78.17336963104756,293.2010775752831,1661,Credit Card,Store_B
1655,2025-10-16,75,Product_655,4,34.879752152505645,698.4950646139963,1988,Debit Card,Store_C
1656,2025-10-17,18,Product_656,6,38.11141916969622,548.2363537511822,1739,Cash,Store_A
1657,2025-10-18,76,Product_657,7,67.84071919051812,768.5424774156846,1726,Debit Card,Store_B
1658,2025-10-19,9,Product_658,5,27.625673132822698,394.340179736636,1872,Credit Card,Store_A
1659,2025-10-20,74,Product_659,10,90.72621373811809,901.0513229187274,1663,Credit Card,Store_A
1660,2025-10-21,58,Product_660,9,56.8171470926399,175.87118315021536,1192,Debit Card,Store_B
1661,2025-10-22,17,Product_661,3,50.28426462881953,826.4703869120692,1963,Credit Card,Store_A
1662,2025-10-23,7,Product_662,7,60.203817273628125,875.1876632335817,1552,Credit Card,Store_B
1663,2025-10-24,46,Product_663,10,24.943088207457592,835.5270802301391,1242,Debit Card,Store_B
1664,2025-10-25,13,Product_664,10,65.21258247752587,561.4537548355984,1138,Debit Card,Store_B
1665,2025-10-26,40,Product_665,5,42.67906629706094,494.54648202768516,1345,Debit Card,Store_A
1666,2025-10-27,42,Product_666,7,90.74677068681571,996.6360578723891,1180,Credit Card,Store_B
1667,2025-10-28,9,Product_667,2,25.196878600991752,306.2547560927459,1712,Credit Card,Store_A
1668,2025-10-29,50,Product_668,4,55.6345993478897,592.1883692884401,1503,Cash,Store_B
1669,2025-10-30,27,Product_669,2,63.83013664321162,703.607972844093,1203,Cash,Store_B
1670,2025-10-31,66,Product_670,7,13.00452416077431,730.7808722752887,1573,Debit Card,Store_C
1671,2025-11-01,5,Product_671,2,42.732381228052624,283.6221991647208,1192,Cash,Store_C
1672,2025-11-02,29,Product_672,1,75.93717112307495,688.5946831058211,1005,Credit Card,Store_C
1673,2025-11-03,37,Product_673,9,83.8339756704076,836.5326098332035,1890,Cash,Store_A
1674,2025-11-04,38,Product_674,1,38.18457953355541,145.016719139001,1237,Credit Card,Store_A
1675,2025-11-05,83,Product_675,8,81.87339451444761,920.3691639927848,1693,Debit Card,Store_B
1676,2025-11-06,8,Product_676,2,97.098028939305,126.55364963068534,1311,Debit Card,Store_B
1677,2025-11-07,65,Product_677,8,87.11865424675847,420.3739292395549,1549,Credit Card,Store_B
1678,2025-11-08,86,Product_678,3,20.58795893433927,114.23187660966586,1056,Cash,Store_B
1679,2025-11-09,17,Product_679,6,76.57572988769866,169.43065168562367,1443,Debit Card,Store_A
1680,2025-11-10,71,Product_680,3,38.77001491964903,920.0514566620711,1237,Debit Card,Store_B
1681,2025-11-11,89,Product_681,7,98.9574390470869,419.37474767153304,1870,Cash,Store_B
1682,2025-11-12,45,Product_682,10,53.68230848438984,482.2943773825476,1861,Cash,Store_C
1683,2025-11-13,4,Product_683,9,21.019050852304694,293.80994324429736,1197,Credit Card,Store_B
1684,2025-11-14,36,Product_684,2,75.26669932246517,637.3861931680478,1585,Cash,Store_B
1685,2025-11-15,70,Product_685,5,39.071007854759245,635.3228932100106,1571,Cash,Store_B
1686,2025-11-16,31,Product_686,6,99.73703413734955,434.9803526426973,1752,Cash,Store_A
1687,2025-11-17,19,Product_687,4,98.18042120690697,399.73138462485855,1514,Credit Card,Store_C
1688,2025-11-18,61,Product_688,4,69.05206162185226,896.4678773625291,1449,Credit Card,Store_B
1689,2025-11-19,54,Product_689,4,21.684380405654583,444.95581567798126,1360,Debit Card,Store_B
1690,2025-11-20,39,Product_690,2,71.81748979075262,544.1508929389674,1700,Credit Card,Store_C
1691,2025-11-21,91,Product_691,4,18.37274378140245,354.9742861824376,1819,Debit Card,Store_B
1692,2025-11-22,74,Product_692,1,12.64277431921531,808.0925530214146,1030,Cash,Store_A
1693,2025-11-23,90,Product_693,6,84.06626015993375,457.70334120918244,1779,Debit Card,Store_B
1694,2025-11-24,19,Product_694,1,28.877765291531322,562.2499418898922,1988,Debit Card,Store_A
1695,2025-11-25,39,Product_695,10,44.112441359718765,328.02145305369527,1108,Cash,Store_A
1696,2025-11-26,67,Product_696,6,97.61116509785559,988.8936331071266,1844,Debit Card,Store_B
1697,2025-11-27,45,Product_697,1,40.3156451674993,362.3461668313506,1935,Credit Card,Store_C
1698,2025-11-28,13,Product_698,6,36.68408031549838,793.6682778149965,1602,Credit Card,Store_A
1699,2025-11-29,92,Product_699,10,92.63871996604976,484.7460853210833,1717,Credit Card,Store_C
1700,2025-11-30,58,Product_700,8,19.96736007870623,285.5956645757259,1891,Credit Card,Store_B
1701,2025-12-01,20,Product_701,2,78.36241691031687,819.7468875683751,1968,Debit Card,Store_A
1702,2025-12-02,92,Product_702,2,98.92590099874965,400.24611012613883,1959,Debit Card,Store_B
1703,2025-12-03,72,Product_703,4,91.11664096971839,878.6740126580299,1960,Cash,Store_C
1704,2025-12-04,61,Product_704,3,68.65011268357833,923.7314664260407,1445,Debit Card,Store_B
1705,2025-12-05,39,Product_705,4,38.265471549345875,873.8414518521483,1893,Debit Card,Store_B
1706,2025-12-06,1,Product_706,7,32.8889783060485,131.50712332612508,1438,Debit Card,Store_A
1707,2025-12-07,3,Product_707,1,83.73295943843151,808.636010504595,1732,Cash,Store_B
1708,2025-12-08,77,Product_708,6,89.18397225565258,470.2055198492295,1890,Credit Card,Store_B
1709,2025-12-09,92,Product_709,3,57.289142129112356,886.3506281640026,1606,Debit Card,Store_B
1710,2025-12-10,62,Product_710,10,31.990594670781952,674.1588364162649,1457,Cash,Store_A
1711,2025-12-11,63,Product_711,7,20.16488875700562,850.2788207295625,1615,Cash,Store_C
1712,2025-12-12,25,Product_712,10,17.846152104864807,549.4885928801518,1735,Cash,Store_C
1713,2025-12-13,56,Product_713,2,74.71697026184701,581.5229541390395,1698,Credit Card,Store_B
1714,2025-12-14,33,Product_714,2,47.81068550629525,229.9488689203005,1981,Debit Card,Store_A
1715,2025-12-15,38,Product_715,4,91.48238868500833,805.5886228204199,1696,Cash,Store_B
1716,2025-12-16,6,Product_716,1,76.57041706540873,477.4506505002745,1495,Credit Card,Store_C
1717,2025-12-17,58,Product_717,3,27.213437612312802,550.0721064444243,1674,Cash,Store_A
1718,2025-12-18,44,Product_718,9,65.23996769341292,806.5879426861369,1247,Cash,Store_C
1719,2025-12-19,45,Product_719,7,49.19549089583434,638.9608600714951,1543,Cash,Store_C
1720,2025-12-20,32,Product_720,7,61.95247576917518,280.9888546984007,1564,Cash,Store_A
1721,2025-12-21,45,Product_721,4,76.42622110046655,631.2093932358034,1857,Cash,Store_A
1722,2025-12-22,61,Product_722,2,82.55762929034117,466.86957218169016,1588,Credit Card,Store_B
1723,2025-12-23,47,Product_723,4,85.93635937660518,522.5729878394764,1897,Debit Card,Store_B
1724,2025-12-24,21,Product_724,6,32.85773871148223,125.48014696240101,1439,Debit Card,Store_C
1725,2025-12-25,80,Product_725,3,12.800403992562192,289.02641456465346,1278,Debit Card,Store_A
1726,2025-12-26,85,Product_726,1,76.53652616482958,352.9342732429254,1552,Debit Card,Store_A
1727,2025-12-27,75,Product_727,8,19.570935363019714,741.6640070729252,1613,Credit Card,Store_B
1728,2025-12-28,36,Product_728,5,38.34276297516709,110.34322596830378,1111,Credit Card,Store_C
1729,2025-12-29,99,Product_729,5,10.343542071191242,467.8995351062188,1385,Credit Card,Store_C
1730,2025-12-30,19,Product_730,4,71.3502534161458,931.6241833831596,1833,Cash,Store_B
1731,2025-12-31,20,Product_731,6,25.04188103240991,200.69255489421147,1761,Cash,Store_A
1732,2026-01-01,57,Product_732,3,68.97541687224924,564.78194939675,1191,Cash,Store_B
1733,2026-01-02,18,Product_733,9,99.2568355451055,807.8701441517624,1490,Debit Card,Store_B
1734,2026-01-03,47,Product_734,5,16.540378444901464,948.278176768105,1694,Cash,Store_B
1735,2026-01-04,49,Product_735,3,16.937021075631463,772.0989755803462,1426,Debit Card,Store_B
1736,2026-01-05,14,Product_736,1,40.63420834000074,748.5089937799655,1405,Cash,Store_A
1737,2026-01-06,15,Product_737,10,87.97478628262078,843.8392811761862,1335,Debit Card,Store_B
1738,2026-01-07,31,Product_738,6,29.397688191219867,501.5810988797893,1209,Cash,Store_A
1739,2026-01-08,1,Product_739,2,42.43400379373128,825.2600793560498,1022,Cash,Store_B
1740,2026-01-09,54,Product_740,3,16.16548659642816,107.16796427090601,1678,Credit Card,Store_C
1741,2026-01-10,3,Product_741,1,78.68397621330004,932.1049498391244,1611,Cash,Store_A
1742,2026-01-11,16,Product_742,9,46.7475708483506,498.97585856545777,1208,Cash,Store_C
1743,2026-01-12,87,Product_743,8,78.33238597547586,598.0421690791728,1008,Credit Card,Store_B
1744,2026-01-13,57,Product_744,2,91.32470599121156,329.3940240233941,1702,Debit Card,Store_B
1745,2026-01-14,75,Product_745,8,30.948683239115987,768.2777495563793,1687,Credit Card,Store_B
1746,2026-01-15,12,Product_746,9,82.66564273059562,168.97222582772395,1785,Credit Card,Store_A
1747,2026-01-16,74,Product_747,1,15.318450107042795,885.3722222921517,1529,Debit Card,Store_C
1748,2026-01-17,96,Product_748,5,90.89626493622227,845.3051461057084,1602,Cash,Store_A
1749,2026-01-18,16,Product_749,8,68.56916928028727,294.45410462028974,1653,Debit Card,Store_A
1750,2026-01-19,72,Product_750,2,88.68040517245164,828.3919584567361,1657,Cash,Store_B
1751,2026-01-20,76,Product_751,4,10.016955960092371,807.7219597553334,1166,Cash,Store_C
1752,2026-01-21,24,Product_752,7,25.217296332039325,668.994937978554,1849,Debit Card,Store_B
1753,2026-01-22,28,Product_753,3,45.078344868384285,436.1681592097188,1496,Credit Card,Store_A
1754,2026-01-23,8,Product_754,5,44.15526130372467,344.3488787636811,1590,Debit Card,Store_B
1755,2026-01-24,92,Product_755,8,30.40573446311596,308.60523126041505,1429,Cash,Store_C
1756,2026-01-25,36,Product_756,10,44.34507458804801,386.74806648724643,1774,Debit Card,Store_B
1757,2026-01-26,90,Product_757,3,21.596384080022936,913.2025990892773,1163,Debit Card,Store_C
1758,2026-01-27,8,Product_758,4,47.148501633942345,169.87669838990314,1366,Cash,Store_C
1759,2026-01-28,58,Product_759,9,82.21188962433378,845.9841486276628,1526,Credit Card,Store_B
1760,2026-01-29,60,Product_760,7,53.11630567930161,414.00106753764123,1239,Debit Card,Store_A
1761,2026-01-30,50,Product_761,1,11.620008005069348,569.4394564102224,1072,Cash,Store_B
1762,2026-01-31,28,Product_762,4,47.929963742132266,815.0370702836416,1445,Cash,Store_A
1763,2026-02-01,92,Product_763,4,12.445751448175974,895.9388923206742,1655,Debit Card,Store_A
1764,2026-02-02,41,Product_764,9,96.96190696361184,410.3032780653823,1822,Credit Card,Store_B
1765,2026-02-03,100,Product_765,6,21.470856348058206,515.6591331475993,1509,Debit Card,Store_A
1766,2026-02-04,64,Product_766,9,73.69194936975569,473.06445833511304,1795,Credit Card,Store_A
1767,2026-02-05,27,Product_767,6,97.54986906028772,111.92593015351949,1269,Credit Card,Store_B
1768,2026-02-06,63,Product_768,6,84.34351464999146,366.34859997279096,1753,Credit Card,Store_B
1769,2026-02-07,17,Product_769,5,72.93838376135832,513.2703103593057,1415,Credit Card,Store_B
1770,2026-02-08,73,Product_770,5,85.55148185506903,469.9842479923958,1245,Debit Card,Store_A
1771,2026-02-09,33,Product_771,2,98.36188239345648,749.7363047641115,1675,Cash,Store_C
1772,2026-02-10,84,Product_772,8,65.92100475281767,446.3232554989929,1060,Cash,Store_A
1773,2026-02-11,77,Product_773,8,60.32663261463938,540.4388040736033,1006,Cash,Store_C
1774,2026-02-12,92,Product_774,1,66.54142994169533,486.647732919127,1709,Cash,Store_B
1775,2026-02-13,29,Product_775,8,57.940829808539945,766.5635340049334,1982,Cash,Store_C
1776,2026-02-14,13,Product_776,5,67.15801953187469,876.6751590882662,1570,Cash,Store_B
1777,2026-02-15,46,Product_777,2,50.48579871753033,578.7001711067628,1817,Debit Card,Store_B
1778,2026-02-16,35,Product_778,2,29.65988645949764,810.4889747756721,1407,Credit Card,Store_C
1779,2026-02-17,6,Product_779,6,20.822250386050808,367.1080138178655,1217,Cash,Store_B
1780,2026-02-18,82,Product_780,9,16.150684197903438,587.2326491415419,1930,Debit Card,Store_C
1781,2026-02-19,69,Product_781,1,33.69842053778801,410.7069583029752,1026,Cash,Store_B
1782,2026-02-20,47,Product_782,6,14.151120790216044,472.78083301464727,1815,Cash,Store_A
1783,2026-02-21,25,Product_783,9,61.045370192744706,759.1724783314017,1005,Credit Card,Store_A
1784,2026-02-22,66,Product_784,8,35.54456023211682,893.4962340994415,1986,Credit Card,Store_B
1785,2026-02-23,10,Product_785,6,84.20813272783289,209.3458519789889,1532,Credit Card,Store_B
1786,2026-02-24,56,Product_786,3,16.68167856895478,671.1753308386425,1390,Cash,Store_C
1787,2026-02-25,30,Product_787,8,30.371634490733733,623.9294268200186,1710,Cash,Store_A
1788,2026-02-26,5,Product_788,9,75.72215323811314,206.5735352583387,1571,Cash,Store_C
1789,2026-02-27,33,Product_789,1,63.89274667451423,290.7048973960982,1448,Credit Card,Store_B
1790,2026-02-28,65,Product_790,9,15.804214412425079,379.90224525941227,1754,Debit Card,Store_B
1791,2026-03-01,18,Product_791,6,88.95155114459804,250.23796373575132,1146,Cash,Store_C
1792,2026-03-02,96,Product_792,6,88.95355865435616,319.3565342719076,1388,Cash,Store_B
1793,2026-03-03,49,Product_793,4,39.736720348819645,340.8407189755368,1785,Cash,Store_A
1794,2026-03-04,11,Product_794,1,40.63652590146082,402.10644973515366,1249,Debit Card,Store_C
1795,2026-03-05,85,Product_795,10,99.01255225151564,774.4514075210432,1526,Cash,Store_A
1796,2026-03-06,26,Product_796,8,66.35585544338244,614.7209834655406,1462,Debit Card,Store_A
1797,2026-03-07,63,Product_797,2,57.81848685112532,987.6220047562613,1013,Cash,Store_A
1798,2026-03-08,89,Product_798,1,85.4336965196732,473.2622442707239,1903,Debit Card,Store_C
1799,2026-03-09,86,Product_799,2,35.676130452158475,778.4785664532325,1384,Cash,Store_B
1800,2026-03-10,59,Product_800,1,48.62643340567212,884.3215792388804,1556,Credit Card,Store_A
1801,2026-03-11,27,Product_801,1,34.09990079395008,711.0806437342377,1887,Credit Card,Store_A
1802,2026-03-12,49,Product_802,9,81.02447619298583,470.6782663757464,1399,Credit Card,Store_A
1803,2026-03-13,77,Product_803,1,61.60144110716962,778.2351676711777,1019,Credit Card,Store_B
1804,2026-03-14,33,Product_804,4,69.29425631260635,283.3004239954164,1575,Cash,Store_B
1805,2026-03-15,98,Product_805,10,32.70765248554659,394.7969486621192,1491,Credit Card,Store_C
1806,2026-03-16,99,Product_806,6,29.82027712395836,592.0167295893599,1751,Debit Card,Store_B
1807,2026-03-17,1,Product_807,7,53.95371660846448,617.8684485575335,1419,Credit Card,Store_C
1808,2026-03-18,21,Product_808,2,76.38091741835441,119.92732792536651,1337,Credit Card,Store_C
1809,2026-03-19,55,Product_809,6,57.271578176814415,950.6027698804079,1419,Credit Card,Store_C
1810,2026-03-20,6,Product_810,7,12.938110979110174,726.964544095651,1915,Cash,Store_C
1811,2026-03-21,92,Product_811,10,88.169635568826,546.133375208702,1916,Credit Card,Store_C
1812,2026-03-22,81,Product_812,10,15.821820416361842,939.8145109674775,1612,Debit Card,Store_A
1813,2026-03-23,69,Product_813,2,96.0242035348677,495.18600872574564,1675,Credit Card,Store_B
1814,2026-03-24,95,Product_814,2,12.262776244954544,982.3920132433345,1928,Credit Card,Store_A
1815,2026-03-25,5,Product_815,10,72.50054105176379,561.0562815191365,1122,Credit Card,Store_C
1816,2026-03-26,3,Product_816,7,17.39863573406035,202.85719299818152,1432,Debit Card,Store_B
1817,2026-03-27,53,Product_817,1,91.96089214916256,788.3208752133495,1044,Credit Card,Store_A
1818,2026-03-28,23,Product_818,8,51.79899126029885,711.0079525700564,1872,Debit Card,Store_A
1819,2026-03-29,53,Product_819,3,22.377139733531386,795.6880491750281,1920,Debit Card,Store_C
1820,2026-03-30,37,Product_820,6,40.673412981086194,956.297825853113,1317,Credit Card,Store_A
1821,2026-03-31,74,Product_821,9,24.834220781208586,798.8403723859163,1381,Debit Card,Store_A
1822,2026-04-01,74,Product_822,6,25.3523720401381,650.2029419949822,1145,Cash,Store_A
1823,2026-04-02,83,Product_823,9,95.3297488154298,871.5780121247568,1327,Credit Card,Store_A
1824,2026-04-03,17,Product_824,7,50.07215010563093,705.9217954190784,1363,Credit Card,Store_A
1825,2026-04-04,85,Product_825,9,80.99220375148236,467.30715114333077,1050,Debit Card,Store_C
1826,2026-04-05,78,Product_826,2,67.56450050599136,897.0577878175959,1065,Debit Card,Store_C
1827,2026-04-06,73,Product_827,8,70.8783726104553,299.7104147059356,1355,Credit Card,Store_A
1828,2026-04-07,1,Product_828,8,21.852409462483465,743.1771474178518,1800,Cash,Store_C
1829,2026-04-08,51,Product_829,2,31.07660021339371,893.4071094466813,1164,Debit Card,Store_C
1830,2026-04-09,45,Product_830,4,80.80753016389933,758.1848677329666,1141,Debit Card,Store_B
1831,2026-04-10,77,Product_831,7,97.36895858273047,727.5478771484712,1966,Cash,Store_A
1832,2026-04-11,4,Product_832,4,33.640807833878654,777.3744646646525,1826,Cash,Store_C
1833,2026-04-12,62,Product_833,4,34.44118882759359,518.5497234705799,1128,Credit Card,Store_C
1834,2026-04-13,65,Product_834,6,52.56074195298144,886.7536139413234,1398,Cash,Store_A
1835,2026-04-14,32,Product_835,10,98.54562815698941,283.0928276224821,1933,Credit Card,Store_B
1836,2026-04-15,34,Product_836,6,34.206305124382396,214.64777440030537,1880,Cash,Store_A
1837,2026-04-16,92,Product_837,10,46.62747186708375,356.9579021066604,1463,Debit Card,Store_B
1838,2026-04-17,95,Product_838,3,90.23320140611561,578.4196570974939,1751,Credit Card,Store_A
1839,2026-04-18,72,Product_839,9,10.262892935922581,559.5056158684042,1836,Credit Card,Store_A
1840,2026-04-19,39,Product_840,10,13.57893684897126,838.5388819089279,1808,Credit Card,Store_A
1841,2026-04-20,26,Product_841,2,64.36645093640973,464.11179076361566,1187,Cash,Store_A
1842,2026-04-21,34,Product_842,6,91.66421482415623,535.9099836623577,1720,Debit Card,Store_B
1843,2026-04-22,54,Product_843,7,31.49709943617349,112.03091493345607,1732,Credit Card,Store_B
1844,2026-04-23,3,Product_844,9,52.26775972126381,468.7653127986452,1912,Credit Card,Store_C
1845,2026-04-24,50,Product_845,3,50.54187714920364,682.9968096553079,1190,Credit Card,Store_A
1846,2026-04-25,12,Product_846,10,52.56742114859591,113.95749756393296,1388,Credit Card,Store_B
1847,2026-04-26,65,Product_847,3,66.02677261567706,352.79376866761936,1429,Debit Card,Store_B
1848,2026-04-27,54,Product_848,7,52.27693866916154,287.1607233604509,1858,Cash,Store_B
1849,2026-04-28,5,Product_849,4,50.2721327190212,137.7868860186294,1284,Debit Card,Store_A
1850,2026-04-29,94,Product_850,8,52.685957838813444,531.3340809230838,1864,Credit Card,Store_C
1851,2026-04-30,94,Product_851,7,63.178069714393736,263.55096390534084,1237,Debit Card,Store_B
1852,2026-05-01,57,Product_852,5,58.33067395162225,768.7733856682421,1194,Credit Card,Store_A
1853,2026-05-02,17,Product_853,7,86.87223978854539,863.1350953870136,1287,Cash,Store_B
1854,2026-05-03,47,Product_854,3,14.454716814429995,591.026664402233,1771,Cash,Store_B
1855,2026-05-04,23,Product_855,2,84.99853643257113,983.5366082690274,1758,Cash,Store_C
1856,2026-05-05,79,Product_856,6,85.95321513505516,505.4307143235358,1136,Credit Card,Store_B
1857,2026-05-06,85,Product_857,2,35.64172193778647,562.031389202424,1792,Debit Card,Store_B
1858,2026-05-07,14,Product_858,3,51.65667595142656,990.2959785619752,1783,Cash,Store_A
1859,2026-05-08,66,Product_859,6,49.46846396836919,308.3935923685439,1171,Credit Card,Store_A
1860,2026-05-09,75,Product_860,5,29.665885091871726,948.2913457092147,1159,Credit Card,Store_C
1861,2026-05-10,51,Product_861,8,45.711716237768485,138.55379960720194,1201,Debit Card,Store_A
1862,2026-05-11,38,Product_862,9,13.994899495376899,501.7482012368753,1487,Cash,Store_A
1863,2026-05-12,64,Product_863,3,35.0039865503561,163.00316091975918,1557,Credit Card,Store_C
1864,2026-05-13,98,Product_864,10,83.50139579056463,756.3112686222787,1962,Debit Card,Store_B
1865,2026-05-14,38,Product_865,3,35.61060715866078,647.568042292016,1776,Cash,Store_C
1866,2026-05-15,50,Product_866,3,83.63860018734228,735.9708371208368,1583,Debit Card,Store_A
1867,2026-05-16,98,Product_867,6,57.84395181439878,437.03235997121527,1504,Debit Card,Store_C
1868,2026-05-17,82,Product_868,1,89.1876409625044,432.53374062824224,1876,Credit Card,Store_B
1869,2026-05-18,30,Product_869,7,61.73015988379737,140.78735106480514,1371,Credit Card,Store_C
1870,2026-05-19,79,Product_870,1,12.670140075826584,414.9504455766758,1103,Credit Card,Store_A
1871,2026-05-20,91,Product_871,5,70.78781867923803,936.3595620358535,1125,Debit Card,Store_A
1872,2026-05-21,51,Product_872,10,14.036821122121179,441.3038834624041,1313,Credit Card,Store_C
1873,2026-05-22,63,Product_873,8,50.55373170848206,848.230935599773,1976,Debit Card,Store_B
1874,2026-05-23,98,Product_874,4,93.64840250258025,858.0929542749407,1995,Debit Card,Store_C
1875,2026-05-24,52,Product_875,5,24.868354540406514,435.9170407413105,1798,Credit Card,Store_B
1876,2026-05-25,38,Product_876,4,45.08851176473897,668.7898123565701,1458,Cash,Store_B
1877,2026-05-26,97,Product_877,4,75.68742779636305,185.83444204575278,1230,Cash,Store_C
1878,2026-05-27,88,Product_878,8,89.40327004853629,193.31072266084885,1658,Cash,Store_B
1879,2026-05-28,79,Product_879,2,70.38487042682571,143.791897295542,1882,Debit Card,Store_A
1880,2026-05-29,30,Product_880,1,33.23559287720523,622.9135840375985,1197,Debit Card,Store_C
1881,2026-05-30,51,Product_881,3,70.71470676245946,483.4638798634873,1885,Debit Card,Store_B
1882,2026-05-31,81,Product_882,9,36.7054876993681,593.2291209978162,1733,Credit Card,Store_A
1883,2026-06-01,5,Product_883,4,74.65863068368617,568.965871457549,1423,Debit Card,Store_C
1884,2026-06-02,29,Product_884,10,95.86298148265365,415.18269198165723,1572,Credit Card,Store_A
1885,2026-06-03,4,Product_885,5,74.92541059956595,709.7260733411256,1610,Credit Card,Store_A
1886,2026-06-04,10,Product_886,2,87.65924526211711,782.6516928247516,1171,Cash,Store_A
1887,2026-06-05,56,Product_887,4,10.189345885829507,113.16543298990814,1382,Cash,Store_B
1888,2026-06-06,17,Product_888,2,74.5814912258435,286.51806979199046,1173,Cash,Store_C
1889,2026-06-07,74,Product_889,2,84.66288011787253,741.9122812750031,1663,Credit Card,Store_C
1890,2026-06-08,17,Product_890,4,13.650286379021328,447.95815537045075,1453,Credit Card,Store_B
1891,2026-06-09,84,Product_891,6,88.44379545594076,696.2355522474473,1350,Credit Card,Store_C
1892,2026-06-10,88,Product_892,7,33.10248054790412,412.26639376110256,1902,Debit Card,Store_A
1893,2026-06-11,69,Product_893,10,69.87628917802496,451.6796370966734,1952,Credit Card,Store_C
1894,2026-06-12,34,Product_894,3,82.0319391121066,242.81098632071644,1634,Cash,Store_B
1895,2026-06-13,6,Product_895,3,69.63980617534199,332.407917699544,1494,Cash,Store_A
1896,2026-06-14,53,Product_896,10,18.30563128659315,644.8705817568285,1620,Credit Card,Store_B
1897,2026-06-15,66,Product_897,6,63.668936697433146,489.84680018364975,1004,Credit Card,Store_A
1898,2026-06-16,77,Product_898,3,59.462529104992925,796.8724146501356,1093,Cash,Store_A
1899,2026-06-17,43,Product_899,2,91.02891412668443,867.3264594445085,1919,Credit Card,Store_C
1900,2026-06-18,75,Product_900,8,46.38157566797883,587.4817763950839,1006,Cash,Store_A
1901,2026-06-19,23,Product_901,5,38.89729873783451,782.4405628504533,1288,Debit Card,Store_B
1902,2026-06-20,55,Product_902,1,77.48656879928197,376.21406187511303,1618,Cash,Store_C
1903,2026-06-21,80,Product_903,3,47.1407793475057,473.47409386007035,1146,Debit Card,Store_B
1904,2026-06-22,95,Product_904,10,68.14865575045567,741.4999085951479,1783,Credit Card,Store_A
1905,2026-06-23,75,Product_905,8,68.18050811121464,447.5907935353276,1424,Credit Card,Store_B
1906,2026-06-24,16,Product_906,4,89.9235157924106,629.65444164309,1890,Debit Card,Store_B
1907,2026-06-25,8,Product_907,7,63.88231620871876,266.83550117426034,1608,Credit Card,Store_A
1908,2026-06-26,4,Product_908,10,55.19382489657882,639.7941834734481,1457,Debit Card,Store_C
1909,2026-06-27,4,Product_909,2,22.49841937568653,875.3623365042042,1741,Credit Card,Store_B
1910,2026-06-28,56,Product_910,7,20.416384601083482,881.7756758410831,1202,Cash,Store_A
1911,2026-06-29,25,Product_911,5,23.888940875477147,751.9099656965857,1212,Credit Card,Store_C
1912,2026-06-30,67,Product_912,5,25.466363319438507,771.1780411685135,1006,Cash,Store_C
1913,2026-07-01,96,Product_913,6,67.40893833972706,602.1347006356307,1624,Cash,Store_C
1914,2026-07-02,67,Product_914,9,76.68831252471206,626.2012811492423,1376,Debit Card,Store_B
1915,2026-07-03,27,Product_915,6,57.69923706337769,220.28552326946618,1891,Credit Card,Store_B
1916,2026-07-04,93,Product_916,8,84.6115959290942,499.473269579171,1447,Debit Card,Store_B
1917,2026-07-05,32,Product_917,7,99.21369040602698,505.69865549772743,1835,Credit Card,Store_C
1918,2026-07-06,50,Product_918,9,83.80113662074204,962.6480521009662,1106,Cash,Store_B
1919,2026-07-07,61,Product_919,4,72.53941363083632,487.9781763609605,1651,Cash,Store_A
1920,2026-07-08,51,Product_920,2,57.92434294934319,594.4083804124818,1811,Credit Card,Store_B
1921,2026-07-09,19,Product_921,7,50.39677645072374,579.9262593511922,1401,Credit Card,Store_B
1922,2026-07-10,21,Product_922,6,17.595314249008812,673.0855453398945,1096,Debit Card,Store_C
1923,2026-07-11,5,Product_923,1,45.943187355522184,773.4095481987063,1388,Credit Card,Store_B
1924,2026-07-12,82,Product_924,9,91.91211731039208,302.5376885537849,1959,Credit Card,Store_A
1925,2026-07-13,92,Product_925,9,82.72203669158976,575.8519771885922,1452,Credit Card,Store_C
1926,2026-07-14,42,Product_926,2,29.444622851051847,843.3259365844274,1849,Debit Card,Store_A
1927,2026-07-15,61,Product_927,3,51.99470062274943,516.8032424537603,1809,Credit Card,Store_C
1928,2026-07-16,22,Product_928,5,83.50508823026901,350.6117917362157,1979,Cash,Store_C
1929,2026-07-17,21,Product_929,5,16.064609930697028,689.2381678206692,1901,Debit Card,Store_B
1930,2026-07-18,70,Product_930,1,44.86533271017934,841.3906562192107,1416,Debit Card,Store_A
1931,2026-07-19,1,Product_931,8,86.66571131865528,156.82626363465218,1726,Cash,Store_C
1932,2026-07-20,5,Product_932,8,46.35080777531114,799.1114350665044,1504,Cash,Store_B
1933,2026-07-21,12,Product_933,4,16.985318025829677,839.4831396655941,1454,Cash,Store_C
1934,2026-07-22,90,Product_934,7,58.82809316790263,515.3706348297461,1291,Credit Card,Store_C
1935,2026-07-23,46,Product_935,10,87.55682454264658,984.9750911366207,1534,Cash,Store_C
1936,2026-07-24,34,Product_936,3,63.12569886578437,808.0375066365782,1193,Credit Card,Store_C
1937,2026-07-25,49,Product_937,6,30.365119739280864,796.2963084060992,1980,Debit Card,Store_C
1938,2026-07-26,78,Product_938,10,44.58156581236432,773.0547169708647,1150,Debit Card,Store_C
1939,2026-07-27,90,Product_939,10,50.511102506373895,235.5472928964466,1880,Cash,Store_B
1940,2026-07-28,45,Product_940,9,62.13397184384741,295.5077978077097,1759,Credit Card,Store_C
1941,2026-07-29,27,Product_941,1,78.34159231773518,517.5911183179826,1779,Cash,Store_A
1942,2026-07-30,73,Product_942,5,18.898625587657186,337.6039149635193,1973,Cash,Store_B
1943,2026-07-31,26,Product_943,4,90.06868297158097,473.7168751006364,1763,Credit Card,Store_A
1944,2026-08-01,47,Product_944,8,11.107873271446802,899.6176989306286,1515,Cash,Store_C
1945,2026-08-02,86,Product_945,1,43.30471012068297,841.8942026913423,1393,Debit Card,Store_A
1946,2026-08-03,56,Product_946,9,12.467827897539188,667.035890631984,1316,Cash,Store_C
1947,2026-08-04,94,Product_947,6,45.36768028107621,872.3083548259932,1076,Credit Card,Store_C
1948,2026-08-05,63,Product_948,4,57.32313389859914,805.3951501155243,1599,Credit Card,Store_B
1949,2026-08-06,48,Product_949,9,56.051324792336054,486.0864386568014,1270,Debit Card,Store_B
1950,2026-08-07,61,Product_950,5,24.906551232543883,280.9586368449506,1225,Credit Card,Store_C
1951,2026-08-08,81,Product_951,5,68.11664590860511,562.7809360084052,1530,Credit Card,Store_B
1952,2026-08-09,26,Product_952,5,14.03006054542014,762.6059942756951,1113,Debit Card,Store_A
1953,2026-08-10,36,Product_953,1,78.57161381191739,492.7776388566337,1251,Cash,Store_B
1954,2026-08-11,1,Product_954,1,95.19799905941916,700.0947188055075,1233,Debit Card,Store_B
1955,2026-08-12,8,Product_955,8,40.57919444360061,184.89468366193927,1841,Cash,Store_A
1956,2026-08-13,99,Product_956,8,56.551544354289874,773.2042627342631,1791,Debit Card,Store_B
1957,2026-08-14,52,Product_957,6,44.1019250252933,831.4422579037558,1714,Cash,Store_C
1958,2026-08-15,79,Product_958,4,10.603935127365396,736.154070202487,1083,Debit Card,Store_A
1959,2026-08-16,47,Product_959,2,44.72870526056043,970.537228773729,1125,Cash,Store_C
1960,2026-08-17,56,Product_960,2,81.25482333352119,843.9868517145763,1175,Debit Card,Store_A
1961,2026-08-18,86,Product_961,9,63.63899579651336,912.7843550888845,1069,Cash,Store_C
1962,2026-08-19,14,Product_962,5,19.113392315364305,940.2139751118832,1047,Debit Card,Store_C
1963,2026-08-20,90,Product_963,4,86.24255407244065,821.2131926864278,1884,Credit Card,Store_B
1964,2026-08-21,28,Product_964,10,57.79768103967186,706.8329578058492,1256,Cash,Store_C
1965,2026-08-22,87,Product_965,1,85.75510255702085,105.14672322471036,1727,Debit Card,Store_B
1966,2026-08-23,78,Product_966,7,62.219936690652645,519.2431779008123,1030,Cash,Store_A
1967,2026-08-24,88,Product_967,3,60.37196003541459,614.0460687601249,1281,Cash,Store_C
1968,2026-08-25,2,Product_968,6,19.473326667731115,373.62724520319966,1924,Debit Card,Store_C
1969,2026-08-26,26,Product_969,5,25.062375982476517,386.2940022131248,1994,Cash,Store_A
1970,2026-08-27,14,Product_970,5,97.4822730846932,965.0434741391487,1237,Debit Card,Store_A
1971,2026-08-28,59,Product_971,5,30.56380720792937,902.5397786824713,1248,Credit Card,Store_C
1972,2026-08-29,56,Product_972,1,97.97069061913311,864.2611049515338,1368,Cash,Store_A
1973,2026-08-30,7,Product_973,1,57.8721435871837,465.41062153549956,1495,Credit Card,Store_B
1974,2026-08-31,3,Product_974,3,22.221014235754343,112.32869536802309,1025,Cash,Store_A
1975,2026-09-01,23,Product_975,10,18.937198247832363,172.2000218101427,1586,Cash,Store_A
1976,2026-09-02,18,Product_976,4,28.797766363516597,380.9767313958433,1718,Cash,Store_C
1977,2026-09-03,38,Product_977,5,93.30735970228022,114.16862169610928,1490,Debit Card,Store_B
1978,2026-09-04,99,Product_978,2,47.27352018954041,115.4348037236783,1494,Credit Card,Store_A
1979,2026-09-05,15,Product_979,8,45.58908411936229,924.9429714781699,1314,Cash,Store_B
1980,2026-09-06,64,Product_980,2,38.188563496315666,735.5426519071486,1606,Debit Card,Store_B
1981,2026-09-07,89,Product_981,9,23.235566550992957,378.0603910613374,1375,Cash,Store_B
1982,2026-09-08,28,Product_982,2,53.90660774731658,219.38011984085784,1639,Debit Card,Store_C
1983,2026-09-09,74,Product_983,9,21.704300426002483,560.4721461055694,1937,Cash,Store_A
1984,2026-09-10,39,Product_984,7,85.19322127440948,104.81154476892802,1025,Credit Card,Store_C
1985,2026-09-11,57,Product_985,8,43.335728764777585,944.5723694723296,1334,Credit Card,Store_A
1986,2026-09-12,17,Product_986,2,43.73232110036167,473.3336074500525,1355,Cash,Store_A
1987,2026-09-13,86,Product_987,7,52.66057856348403,462.10145971359947,1116,Debit Card,Store_C
1988,2026-09-14,90,Product_988,6,49.971494184917645,451.53424682360395,1048,Cash,Store_B
1989,2026-09-15,44,Product_989,4,99.53721757533894,162.39549734898827,1738,Debit Card,Store_B
1990,2026-09-16,25,Product_990,7,59.084300909647226,674.490015812644,1778,Cash,Store_A
1991,2026-09-17,17,Product_991,4,17.938153341088363,759.703257665518,1099,Debit Card,Store_C
1992,2026-09-18,13,Product_992,2,64.6189607419237,708.5128578294613,1459,Credit Card,Store_B
1993,2026-09-19,84,Product_993,10,23.642586358289194,224.59194399645486,1523,Cash,Store_B
1994,2026-09-20,25,Product_994,7,12.784388025820778,620.9561512320333,1597,Credit Card,Store_A
1995,2026-09-21,68,Product_995,8,97.36679383095233,612.5360357550285,1405,Credit Card,Store_A
1996,2026-09-22,10,Product_996,2,79.61850023811076,881.5697091472439,1214,Cash,Store_C
1997,2026-09-23,67,Product_997,5,98.20980931723902,441.21489253808227,1685,Cash,Store_A
1998,2026-09-24,18,Product_998,1,53.00906032200182,434.3373492934908,1903,Debit Card,Store_B
1999,2026-09-25,100,Product_999,7,57.90317780340785,656.674352846367,1503,Debit Card,Store_B
2000,2026-09-26,86,Product_1000,8,25.150326032721722,669.7653881495618,1721,Credit Card,Store_B
